goal_bonus,heading_rad,heading_deg,lambda_mean,lambda_std,lambda_median,cos_theta_mean,cos_theta_std,cos_theta_median,success_rate,mean_ep_reward
0.0,-3.141592653589793,-180.0,2.0338854789733887,5.6867265701293945,0.5820420980453491,-0.017736563459038734,0.7129303216934204,-0.04039756581187248,0.69,5.951265122575796
0.0,-3.0781261353354537,-176.36363636363635,2.398326873779297,9.135632514953613,0.5626894235610962,-0.003329148283228278,0.6989404559135437,0.012487503699958324,0.69,5.951265122575796
0.0,-3.0146596170811146,-172.72727272727272,2.7467665672302246,12.979835510253906,0.5616618394851685,0.00454740971326828,0.702605664730072,0.0035673538222908974,0.69,5.951265122575796
0.0,-2.951193098826775,-169.0909090909091,2.4258463382720947,10.336106300354004,0.5805321931838989,-0.01333856675773859,0.7020047903060913,-0.05281045287847519,0.69,5.951265122575796
0.0,-2.887726580572436,-165.45454545454547,2.1925082206726074,7.034234046936035,0.6039457321166992,-0.01878715492784977,0.7045612931251526,-0.05384981632232666,0.69,5.951265122575796
0.0,-2.8242600623180967,-161.8181818181818,2.2570087909698486,7.569690227508545,0.5735180974006653,-0.023666927590966225,0.6959049701690674,-0.06990580260753632,0.69,5.951265122575796
0.0,-2.7607935440637577,-158.1818181818182,2.077620267868042,10.336834907531738,0.5975847244262695,-0.03974810242652893,0.705702006816864,-0.07702586054801941,0.69,5.951265122575796
0.0,-2.697327025809418,-154.54545454545453,1.930647373199463,5.39790153503418,0.6031777858734131,-0.04782245308160782,0.7070289850234985,-0.08989813178777695,0.69,5.951265122575796
0.0,-2.633860507555079,-150.9090909090909,1.6686887741088867,7.051976203918457,0.5869121551513672,-0.05574217811226845,0.7121727466583252,-0.08549338579177856,0.69,5.951265122575796
0.0,-2.5703939893007397,-147.27272727272725,1.5010684728622437,4.677160263061523,0.5891252160072327,-0.02487264759838581,0.714481770992279,-0.03475743904709816,0.69,5.951265122575796
0.0,-2.5069274710464007,-143.63636363636365,1.541097640991211,9.362299919128418,0.5577290058135986,-0.016803836449980736,0.7185207605361938,-0.04488501325249672,0.69,5.951265122575796
0.0,-2.443460952792061,-140.0,1.3389666080474854,4.091766834259033,0.5258049964904785,-0.011307514272630215,0.7152637839317322,-0.0371769443154335,0.69,5.951265122575796
0.0,-2.379994434537722,-136.36363636363637,1.2998143434524536,4.194915294647217,0.5267606973648071,0.02469259686768055,0.7132803201675415,0.038577742874622345,0.69,5.951265122575796
0.0,-2.3165279162833827,-132.72727272727272,1.3194953203201294,4.286498546600342,0.5383169651031494,0.04949788376688957,0.7061031460762024,0.10059090703725815,0.69,5.951265122575796
0.0,-2.2530613980290433,-129.09090909090907,1.3023942708969116,3.8197109699249268,0.5329536199569702,0.05845829099416733,0.712197482585907,0.12502211332321167,0.69,5.951265122575796
0.0,-2.1895948797747042,-125.45454545454545,1.362181544303894,3.258838176727295,0.582945704460144,0.031783826649188995,0.7075915336608887,0.04608413577079773,0.69,5.951265122575796
0.0,-2.126128361520365,-121.81818181818183,1.422421932220459,3.068103313446045,0.6027466654777527,0.02150033414363861,0.7100692987442017,0.04190433770418167,0.69,5.951265122575796
0.0,-2.0626618432660258,-118.18181818181817,1.3790194988250732,3.011977434158325,0.6083102226257324,0.025625072419643402,0.7177712321281433,0.046851400285959244,0.69,5.951265122575796
0.0,-1.9991953250116865,-114.54545454545455,1.3131619691848755,3.1192193031311035,0.596732497215271,0.0005430943565443158,0.7057846784591675,-0.010558594949543476,0.69,5.951265122575796
0.0,-1.9357288067573473,-110.9090909090909,1.370549201965332,4.135567665100098,0.5901966094970703,0.00215777475386858,0.6940513849258423,-0.018572641536593437,0.69,5.951265122575796
0.0,-1.872262288503008,-107.27272727272727,1.4634040594100952,5.547743797302246,0.5954006314277649,0.014400899410247803,0.6977769732475281,0.006126064341515303,0.69,5.951265122575796
0.0,-1.8087957702486688,-103.63636363636364,1.3826971054077148,3.159742832183838,0.5928959250450134,0.019610537216067314,0.7129085063934326,0.03102688491344452,0.69,5.951265122575796
0.0,-1.7453292519943295,-100.0,1.3373981714248657,5.348316669464111,0.598426342010498,0.00874848198145628,0.7076353430747986,0.014475774951279163,0.69,5.951265122575796
0.0,-1.6818627337399903,-96.36363636363636,1.368369460105896,4.389560222625732,0.5821931958198547,-0.0009978312300518155,0.7119304537773132,0.0010857154848054051,0.69,5.951265122575796
0.0,-1.6183962154856508,-92.72727272727272,1.5759838819503784,9.726778984069824,0.584378719329834,0.0006304331473074853,0.7182895541191101,-0.0017732374835759401,0.69,5.951265122575796
0.0,-1.5549296972313116,-89.09090909090908,1.743566870689392,8.531064987182617,0.5626934766769409,-0.029635395854711533,0.7213985919952393,-0.08611041307449341,0.69,5.951265122575796
0.0,-1.4914631789769723,-85.45454545454544,1.6980133056640625,9.1077880859375,0.5607872605323792,-0.0002741923090070486,0.7167390584945679,-0.012665508314967155,0.69,5.951265122575796
0.0,-1.427996660722633,-81.81818181818181,1.6743521690368652,7.089313983917236,0.5346940755844116,0.012673252262175083,0.710076630115509,0.010805074125528336,0.69,5.951265122575796
0.0,-1.3645301424682938,-78.18181818181817,1.9938427209854126,30.25029945373535,0.5710077881813049,0.03716888651251793,0.7118998169898987,0.05550327152013779,0.69,5.951265122575796
0.0,-1.3010636242139546,-74.54545454545453,1.9052883386611938,13.111746788024902,0.6055020689964294,0.04553719982504845,0.7185121178627014,0.09111803025007248,0.69,5.951265122575796
0.0,-1.2375971059596154,-70.9090909090909,1.6968976259231567,6.106595993041992,0.6004098653793335,0.049399055540561676,0.7070775032043457,0.07747791707515717,0.69,5.951265122575796
0.0,-1.1741305877052761,-67.27272727272727,1.7175414562225342,6.234025478363037,0.6449438333511353,0.06418119370937347,0.7128039002418518,0.1282329261302948,0.69,5.951265122575796
0.0,-1.1106640694509369,-63.63636363636363,1.5832585096359253,5.4506049156188965,0.6496924161911011,0.10026783496141434,0.7133228778839111,0.18871617317199707,0.69,5.951265122575796
0.0,-1.0471975511965974,-59.999999999999986,1.5872122049331665,5.0425028800964355,0.6293495893478394,0.1278713196516037,0.7074994444847107,0.2405194491147995,0.69,5.951265122575796
0.0,-0.9837310329422584,-56.36363636363636,1.524786114692688,5.631585597991943,0.6282019019126892,0.13345967233181,0.7034984827041626,0.25849321484565735,0.69,5.951265122575796
0.0,-0.9202645146879189,-52.72727272727271,1.3930319547653198,3.902113914489746,0.6060547828674316,0.14489991962909698,0.6925128698348999,0.27271437644958496,0.69,5.951265122575796
0.0,-0.8567979964335799,-49.090909090909086,1.4131407737731934,4.195165157318115,0.6100105047225952,0.1308661252260208,0.6932485699653625,0.24799346923828125,0.69,5.951265122575796
0.0,-0.7933314781792404,-45.45454545454544,1.3228418827056885,3.563983917236328,0.5830758213996887,0.12048216164112091,0.7030667066574097,0.22647184133529663,0.69,5.951265122575796
0.0,-0.7298649599249014,-41.81818181818182,1.308942198753357,4.251728057861328,0.5822732448577881,0.09352810680866241,0.6978123188018799,0.16918843984603882,0.69,5.951265122575796
0.0,-0.666398441670562,-38.181818181818166,1.1392872333526611,2.2844018936157227,0.5943877100944519,0.08051612228155136,0.7068555951118469,0.16537004709243774,0.69,5.951265122575796
0.0,-0.6029319234162229,-34.54545454545455,1.0974676609039307,2.066884994506836,0.5961098670959473,0.07319850474596024,0.6989786624908447,0.1552131325006485,0.69,5.951265122575796
0.0,-0.5394654051618835,-30.909090909090896,1.1123554706573486,2.093986749649048,0.5886180400848389,0.04150278493762016,0.7096859812736511,0.10773178935050964,0.69,5.951265122575796
0.0,-0.47599888690754444,-27.272727272727273,1.1967360973358154,2.2621898651123047,0.6200270056724548,0.027855996042490005,0.7142616510391235,0.05113179236650467,0.69,5.951265122575796
0.0,-0.412532368653205,-23.636363636363626,1.3327698707580566,2.7702786922454834,0.6703670024871826,0.036502428352832794,0.7157567143440247,0.06409022212028503,0.69,5.951265122575796
0.0,-0.34906585039886595,-20.000000000000004,1.558467984199524,3.713583469390869,0.6674302816390991,0.06958900392055511,0.7254514694213867,0.1412217766046524,0.69,5.951265122575796
0.0,-0.2855993321445265,-16.363636363636353,1.5800896883010864,5.237637996673584,0.6446455717086792,0.03620936721563339,0.7215554118156433,0.09155808389186859,0.69,5.951265122575796
0.0,-0.22213281389018746,-12.727272727272732,1.802415132522583,8.089208602905273,0.6341012120246887,0.016259690746665,0.7129977345466614,0.008729115128517151,0.69,5.951265122575796
0.0,-0.158666295635848,-9.090909090909083,2.1431474685668945,11.654735565185547,0.6102646589279175,0.046032875776290894,0.7091134786605835,0.08980343490839005,0.69,5.951265122575796
0.0,-0.09519977738150853,-5.454545454545435,2.2148942947387695,13.05742073059082,0.581205427646637,0.08675840497016907,0.6960098147392273,0.16741009056568146,0.69,5.951265122575796
0.0,-0.03173325912716951,-1.8181818181818115,1.8720678091049194,14.541386604309082,0.5999134182929993,0.13497518002986908,0.6902374029159546,0.24406680464744568,0.69,5.951265122575796
0.0,0.031733259127169955,1.818181818181837,1.8657655715942383,14.488231658935547,0.6179242134094238,0.15177129209041595,0.6857792735099792,0.2647205591201782,0.69,5.951265122575796
0.0,0.09519977738150898,5.45454545454546,1.5186491012573242,5.320845603942871,0.6393933892250061,0.11686990410089493,0.6910694241523743,0.2010510414838791,0.69,5.951265122575796
0.0,0.15866629563584844,9.090909090909108,1.486837387084961,7.20689058303833,0.6389675140380859,0.08462429791688919,0.6944602131843567,0.14331644773483276,0.69,5.951265122575796
0.0,0.22213281389018746,12.727272727272732,1.3196719884872437,4.38627290725708,0.6352655291557312,0.06053442507982254,0.6993204355239868,0.0931512862443924,0.69,5.951265122575796
0.0,0.28559933214452693,16.36363636363638,1.222198247909546,3.434720993041992,0.6416219472885132,0.046295877546072006,0.7021816968917847,0.09805247187614441,0.69,5.951265122575796
0.0,0.34906585039886595,20.000000000000004,1.1493664979934692,4.187952041625977,0.5822346806526184,0.045482467859983444,0.6973693370819092,0.07977191358804703,0.69,5.951265122575796
0.0,0.4125323686532054,23.63636363636365,1.2402479648590088,5.117678642272949,0.5762002468109131,0.06113465875387192,0.6935683488845825,0.08409412205219269,0.69,5.951265122575796
0.0,0.47599888690754444,27.272727272727273,1.1895544528961182,3.659548044204712,0.5625750422477722,0.05771666020154953,0.7117785811424255,0.10975755751132965,0.69,5.951265122575796
0.0,0.5394654051618839,30.909090909090924,1.164058804512024,3.9599497318267822,0.5759504437446594,0.04341897740960121,0.7076112627983093,0.07821713387966156,0.69,5.951265122575796
0.0,0.6029319234162229,34.54545454545455,1.318854570388794,4.3438191413879395,0.5779361724853516,0.01903778500854969,0.7094845175743103,0.035884737968444824,0.69,5.951265122575796
0.0,0.6663984416705624,38.181818181818194,1.6679104566574097,7.157236576080322,0.5449169874191284,-0.028319139033555984,0.7145285606384277,-0.05521266162395477,0.69,5.951265122575796
0.0,0.7298649599249014,41.81818181818182,2.059617280960083,27.246416091918945,0.5328619480133057,-0.03836613893508911,0.7170388102531433,-0.08374477922916412,0.69,5.951265122575796
0.0,0.7933314781792409,45.45454545454547,3.38676118850708,47.6868896484375,0.5404567718505859,-0.0383276529610157,0.7147480845451355,-0.07859073579311371,0.69,5.951265122575796
0.0,0.8567979964335799,49.090909090909086,1.895829200744629,8.370734214782715,0.5015629529953003,-0.062435332685709,0.692577600479126,-0.10270578414201736,0.69,5.951265122575796
0.0,0.9202645146879194,52.727272727272734,1.6659209728240967,5.431087017059326,0.5458415150642395,-0.061547525227069855,0.6986932158470154,-0.12497004866600037,0.69,5.951265122575796
0.0,0.9837310329422584,56.36363636363636,1.4591196775436401,3.6782426834106445,0.5615295171737671,-0.03410821408033371,0.697930097579956,-0.07152071595191956,0.69,5.951265122575796
0.0,1.0471975511965983,60.000000000000036,1.5044265985488892,4.5657782554626465,0.6099011301994324,-0.02095867693424225,0.6991994976997375,-0.057140544056892395,0.69,5.951265122575796
0.0,1.1106640694509373,63.636363636363654,1.4568840265274048,3.881012201309204,0.5981498956680298,0.023578304797410965,0.6978800892829895,0.02784597873687744,0.69,5.951265122575796
0.0,1.1741305877052763,67.27272727272728,1.454904317855835,3.688748836517334,0.6061267852783203,0.05792775750160217,0.7060258388519287,0.09707579016685486,0.69,5.951265122575796
0.0,1.2375971059596154,70.9090909090909,1.5450423955917358,6.021973609924316,0.5905534029006958,0.05668097734451294,0.7168452143669128,0.11912988871335983,0.69,5.951265122575796
0.0,1.3010636242139553,74.54545454545458,1.3975807428359985,3.809175491333008,0.559693455696106,0.07421453297138214,0.7060626149177551,0.14710940420627594,0.69,5.951265122575796
0.0,1.3645301424682943,78.1818181818182,1.3671916723251343,3.8203811645507812,0.53208327293396,0.06685475260019302,0.7098028063774109,0.12497762590646744,0.69,5.951265122575796
0.0,1.4279966607226333,81.81818181818183,1.3053762912750244,3.308440923690796,0.5282567739486694,0.041628338396549225,0.7111851572990417,0.0764782726764679,0.69,5.951265122575796
0.0,1.4914631789769723,85.45454545454544,1.3947993516921997,4.179734230041504,0.5331853628158569,0.022713549435138702,0.6974616646766663,0.05262124538421631,0.69,5.951265122575796
0.0,1.5549296972313122,89.09090909090912,1.3928635120391846,4.390847206115723,0.5622158646583557,0.04694755747914314,0.6903523802757263,0.09253967553377151,0.69,5.951265122575796
0.0,1.6183962154856513,92.72727272727275,1.4743374586105347,5.194312572479248,0.5809940099716187,0.0703112930059433,0.6949295997619629,0.1367645114660263,0.69,5.951265122575796
0.0,1.6818627337399903,96.36363636363636,1.5964018106460571,5.5795063972473145,0.5858331322669983,0.06741639226675034,0.6999630928039551,0.14431075751781464,0.69,5.951265122575796
0.0,1.7453292519943293,99.99999999999999,1.7578017711639404,6.970378875732422,0.5995200276374817,0.052466731518507004,0.6969251036643982,0.08202753961086273,0.69,5.951265122575796
0.0,1.8087957702486692,103.63636363636367,1.829921007156372,7.587965488433838,0.5674746036529541,0.0015362061094492674,0.6925800442695618,-0.004255100153386593,0.69,5.951265122575796
0.0,1.8722622885030082,107.27272727272728,1.7666738033294678,6.281804084777832,0.5764830708503723,0.006168271880596876,0.7104768753051758,0.022872187197208405,0.69,5.951265122575796
0.0,1.9357288067573473,110.9090909090909,2.121014356613159,9.747912406921387,0.6633700728416443,-0.0049758609384298325,0.714603841304779,-0.020842812955379486,0.69,5.951265122575796
0.0,1.9991953250116872,114.54545454545458,2.062932252883911,6.449767589569092,0.698772132396698,0.002306747017428279,0.7155864834785461,0.02320215106010437,0.69,5.951265122575796
0.0,2.062661843266026,118.1818181818182,2.1571407318115234,5.885514259338379,0.7394909262657166,-0.014184934087097645,0.7146716117858887,-0.02418699488043785,0.69,5.951265122575796
0.0,2.126128361520365,121.81818181818183,2.2437286376953125,6.369618892669678,0.7889740467071533,0.010471086949110031,0.7059910893440247,0.03601793944835663,0.69,5.951265122575796
0.0,2.1895948797747042,125.45454545454545,2.322906255722046,6.260993957519531,0.8341969847679138,0.05899312347173691,0.7030171751976013,0.1258762925863266,0.69,5.951265122575796
0.0,2.253061398029044,129.09090909090912,2.5548880100250244,6.395196437835693,0.8631787300109863,0.1051509752869606,0.6982975602149963,0.20402860641479492,0.69,5.951265122575796
0.0,2.316527916283383,132.72727272727275,2.8653547763824463,11.983752250671387,0.7904558181762695,0.09375177323818207,0.7065891623497009,0.1645963490009308,0.69,5.951265122575796
0.0,2.379994434537722,136.36363636363637,3.4757676124572754,16.719778060913086,0.7674307227134705,0.05109880864620209,0.7138007879257202,0.09974712133407593,0.69,5.951265122575796
0.0,2.443460952792061,140.0,3.4334747791290283,11.653581619262695,0.762641966342926,0.033042289316654205,0.7217682003974915,0.06326082348823547,0.69,5.951265122575796
0.0,2.506927471046401,143.63636363636365,3.448254108428955,13.245333671569824,0.7451679706573486,-0.004408336244523525,0.7139059901237488,-0.02306537702679634,0.69,5.951265122575796
0.0,2.57039398930074,147.27272727272728,3.356412172317505,13.616837501525879,0.7524487972259521,-0.039180923253297806,0.7110462188720703,-0.07151766866445541,0.69,5.951265122575796
0.0,2.633860507555079,150.9090909090909,3.0378916263580322,11.886926651000977,0.7370129823684692,-0.0402311235666275,0.705543041229248,-0.08172132074832916,0.69,5.951265122575796
0.0,2.697327025809418,154.54545454545453,2.642390727996826,9.111958503723145,0.7063938975334167,-0.019513392820954323,0.7102686762809753,-0.03344175964593887,0.69,5.951265122575796
0.0,2.760793544063758,158.18181818181822,2.188234329223633,8.48598575592041,0.6823740005493164,-0.006181988399475813,0.7140366435050964,-0.032159991562366486,0.69,5.951265122575796
0.0,2.824260062318097,161.81818181818184,1.746830701828003,5.151149272918701,0.6517085433006287,-0.024016663432121277,0.7116129994392395,-0.06724423170089722,0.69,5.951265122575796
0.0,2.887726580572436,165.45454545454547,1.7899128198623657,5.1780595779418945,0.6171970367431641,-0.05210069566965103,0.7069449424743652,-0.11578404903411865,0.69,5.951265122575796
0.0,2.951193098826776,169.09090909090912,1.7520034313201904,4.370713710784912,0.5918296575546265,-0.07102347165346146,0.7114617228507996,-0.1592804193496704,0.69,5.951265122575796
0.0,3.014659617081115,172.72727272727275,1.9152343273162842,4.935427188873291,0.5855843424797058,-0.05575215071439743,0.7204393148422241,-0.12514138221740723,0.69,5.951265122575796
0.0,3.078126135335454,176.36363636363637,2.1162962913513184,7.598752498626709,0.5884246230125427,-0.0309448204934597,0.7174690961837769,-0.05862756073474884,0.69,5.951265122575796
0.0,3.141592653589793,180.0,2.0338854789733887,5.6867265701293945,0.5820420980453491,-0.017736563459038734,0.7129303216934204,-0.04039756581187248,0.69,5.951265122575796
1.0,-3.141592653589793,-180.0,2.7759945392608643,6.3183770179748535,1.2252675294876099,0.061325617134571075,0.714181661605835,0.09799208492040634,0.704,6.053529712893123
1.0,-3.0781261353354537,-176.36363636363635,2.909050941467285,6.984804630279541,1.2729350328445435,0.05061156675219536,0.7086293697357178,0.09360920637845993,0.704,6.053529712893123
1.0,-3.0146596170811146,-172.72727272727272,2.896803140640259,7.747355937957764,1.288417100906372,0.017099332064390182,0.7132852673530579,0.030733538791537285,0.704,6.053529712893123
1.0,-2.951193098826775,-169.0909090909091,2.86911678314209,7.429811000823975,1.277891993522644,0.008220899850130081,0.7134715914726257,0.004268398974090815,0.704,6.053529712893123
1.0,-2.887726580572436,-165.45454545454547,2.837531805038452,6.779513359069824,1.2046329975128174,0.0020394043531268835,0.7093166708946228,-0.028653038665652275,0.704,6.053529712893123
1.0,-2.8242600623180967,-161.8181818181818,2.7337746620178223,6.192901611328125,1.191311001777649,0.025929255411028862,0.7094950079917908,0.05292584374547005,0.704,6.053529712893123
1.0,-2.7607935440637577,-158.1818181818182,2.620863437652588,11.820457458496094,1.0593562126159668,0.02129676192998886,0.712755024433136,0.02867678366601467,0.704,6.053529712893123
1.0,-2.697327025809418,-154.54545454545453,2.1974780559539795,5.833034515380859,0.9953458309173584,0.045394930988550186,0.7113772630691528,0.07681627571582794,0.704,6.053529712893123
1.0,-2.633860507555079,-150.9090909090909,2.397970199584961,27.840444564819336,0.9546859264373779,0.06970929354429245,0.7129685282707214,0.16102120280265808,0.704,6.053529712893123
1.0,-2.5703939893007397,-147.27272727272725,2.0012364387512207,4.556260108947754,0.9755885601043701,0.08994229137897491,0.7194387912750244,0.2124258428812027,0.704,6.053529712893123
1.0,-2.5069274710464007,-143.63636363636365,2.0886921882629395,4.271024227142334,1.0252454280853271,0.07716169953346252,0.7055419087409973,0.14741016924381256,0.704,6.053529712893123
1.0,-2.443460952792061,-140.0,2.402379274368286,6.857670307159424,1.1198667287826538,0.059074655175209045,0.7125954031944275,0.10101065039634705,0.704,6.053529712893123
1.0,-2.379994434537722,-136.36363636363637,2.4557082653045654,7.031912803649902,1.1703734397888184,0.0523824542760849,0.7124016880989075,0.1065438911318779,0.704,6.053529712893123
1.0,-2.3165279162833827,-132.72727272727272,2.6571881771087646,8.0743989944458,1.215540885925293,0.05604918301105499,0.706914484500885,0.11625377833843231,0.704,6.053529712893123
1.0,-2.2530613980290433,-129.09090909090907,3.040050745010376,8.423835754394531,1.2236640453338623,0.0814717710018158,0.700962245464325,0.15398210287094116,0.704,6.053529712893123
1.0,-2.1895948797747042,-125.45454545454545,3.40054988861084,10.396291732788086,1.244213342666626,0.06190454214811325,0.7002905011177063,0.12939302623271942,0.704,6.053529712893123
1.0,-2.126128361520365,-121.81818181818183,3.740436553955078,12.32817554473877,1.2886816263198853,0.07029208540916443,0.6946576237678528,0.13574670255184174,0.704,6.053529712893123
1.0,-2.0626618432660258,-118.18181818181817,4.158576011657715,12.97991943359375,1.3707518577575684,0.05063096433877945,0.696700394153595,0.1145501583814621,0.704,6.053529712893123
1.0,-1.9991953250116865,-114.54545454545455,4.143708229064941,14.9227294921875,1.4216820001602173,0.06959080696105957,0.6954335570335388,0.14422373473644257,0.704,6.053529712893123
1.0,-1.9357288067573473,-110.9090909090909,3.940547466278076,13.642602920532227,1.462568759918213,0.030121823772788048,0.6982835531234741,0.0817582830786705,0.704,6.053529712893123
1.0,-1.872262288503008,-107.27272727272727,3.819279670715332,8.453241348266602,1.4609559774398804,0.05188380554318428,0.69794100522995,0.10861171036958694,0.704,6.053529712893123
1.0,-1.8087957702486688,-103.63636363636364,4.204258918762207,21.039413452148438,1.5551323890686035,0.06153810769319534,0.7018225193023682,0.12595391273498535,0.704,6.053529712893123
1.0,-1.7453292519943295,-100.0,4.012923240661621,10.443079948425293,1.488917350769043,0.07524169981479645,0.6944929957389832,0.13974601030349731,0.704,6.053529712893123
1.0,-1.6818627337399903,-96.36363636363636,4.2093706130981445,14.096534729003906,1.4383219480514526,0.10523557662963867,0.682891309261322,0.18871524930000305,0.704,6.053529712893123
1.0,-1.6183962154856508,-92.72727272727272,4.944845199584961,20.8876953125,1.4226415157318115,0.11400380730628967,0.6861539483070374,0.20678043365478516,0.704,6.053529712893123
1.0,-1.5549296972313116,-89.09090909090908,4.7537617683410645,13.603970527648926,1.5650079250335693,0.0961000844836235,0.6968740224838257,0.1888558268547058,0.704,6.053529712893123
1.0,-1.4914631789769723,-85.45454545454544,4.175026893615723,9.24222469329834,1.5779383182525635,0.07036803662776947,0.7040088772773743,0.14296162128448486,0.704,6.053529712893123
1.0,-1.427996660722633,-81.81818181818181,3.938612937927246,9.50699520111084,1.4895868301391602,0.057287704199552536,0.7147630453109741,0.11604544520378113,0.704,6.053529712893123
1.0,-1.3645301424682938,-78.18181818181817,3.9858956336975098,9.346302032470703,1.423292875289917,0.03400018438696861,0.7197401523590088,0.09112546592950821,0.704,6.053529712893123
1.0,-1.3010636242139546,-74.54545454545453,3.686934232711792,8.680838584899902,1.304087519645691,0.034916944801807404,0.7203295230865479,0.04252200573682785,0.704,6.053529712893123
1.0,-1.2375971059596154,-70.9090909090909,3.7402734756469727,12.319299697875977,1.2394099235534668,0.0309582706540823,0.7130752205848694,0.04304230958223343,0.704,6.053529712893123
1.0,-1.1741305877052761,-67.27272727272727,3.5900490283966064,9.460278511047363,1.2177464962005615,-0.0017393381567671895,0.7108396291732788,0.007214229088276625,0.704,6.053529712893123
1.0,-1.1106640694509369,-63.63636363636363,3.8615851402282715,11.107156753540039,1.1790040731430054,-0.01981274038553238,0.7138704657554626,-0.03207293525338173,0.704,6.053529712893123
1.0,-1.0471975511965974,-59.999999999999986,4.048859596252441,17.02248191833496,1.163183331489563,-0.019848689436912537,0.7122544646263123,-0.032514795660972595,0.704,6.053529712893123
1.0,-0.9837310329422584,-56.36363636363636,3.5401220321655273,10.781522750854492,1.1423544883728027,-0.034416861832141876,0.7160102725028992,-0.08434323221445084,0.704,6.053529712893123
1.0,-0.9202645146879189,-52.72727272727271,3.496396780014038,12.133565902709961,1.2030342817306519,-0.02948598377406597,0.7161849141120911,-0.04576491564512253,0.704,6.053529712893123
1.0,-0.8567979964335799,-49.090909090909086,3.419276237487793,12.816412925720215,1.249375581741333,-0.018778018653392792,0.7134304046630859,-0.025587962940335274,0.704,6.053529712893123
1.0,-0.7933314781792404,-45.45454545454544,2.9669744968414307,10.088053703308105,1.1952002048492432,-0.002502921037375927,0.7145479321479797,-0.002830768935382366,0.704,6.053529712893123
1.0,-0.7298649599249014,-41.81818181818182,2.5217418670654297,6.206873416900635,1.124394416809082,-0.007082855328917503,0.707863986492157,-0.014623312279582024,0.704,6.053529712893123
1.0,-0.666398441670562,-38.181818181818166,2.1331734657287598,5.548712730407715,1.0350241661071777,0.026042239740490913,0.7005440592765808,0.0481351837515831,0.704,6.053529712893123
1.0,-0.6029319234162229,-34.54545454545455,1.9591648578643799,3.2866485118865967,1.041792631149292,0.0361626110970974,0.7086359858512878,0.08011945337057114,0.704,6.053529712893123
1.0,-0.5394654051618835,-30.909090909090896,2.059237003326416,8.330279350280762,1.0781071186065674,0.02499849908053875,0.713468611240387,0.05471049249172211,0.704,6.053529712893123
1.0,-0.47599888690754444,-27.272727272727273,1.9717938899993896,3.483363151550293,1.0555198192596436,0.023647332563996315,0.7184929847717285,0.023549694567918777,0.704,6.053529712893123
1.0,-0.412532368653205,-23.636363636363626,1.887892484664917,4.322077751159668,1.0159332752227783,0.04440199211239815,0.7132849097251892,0.08071862906217575,0.704,6.053529712893123
1.0,-0.34906585039886595,-20.000000000000004,1.8064168691635132,3.111064910888672,1.0278034210205078,0.049946241080760956,0.7155150771141052,0.11313121020793915,0.704,6.053529712893123
1.0,-0.2855993321445265,-16.363636363636353,1.9815465211868286,3.6954572200775146,1.1209583282470703,0.06368641555309296,0.7167739868164062,0.13660481572151184,0.704,6.053529712893123
1.0,-0.22213281389018746,-12.727272727272732,2.057832956314087,4.280242919921875,1.1571073532104492,0.05681615322828293,0.7182117700576782,0.13457542657852173,0.704,6.053529712893123
1.0,-0.158666295635848,-9.090909090909083,2.0472500324249268,3.4177405834198,1.1743208169937134,0.05837692320346832,0.7134544849395752,0.10611426830291748,0.704,6.053529712893123
1.0,-0.09519977738150853,-5.454545454545435,2.434133291244507,7.672971248626709,1.2127842903137207,0.07155950367450714,0.6953446269035339,0.12787070870399475,0.704,6.053529712893123
1.0,-0.03173325912716951,-1.8181818181818115,2.5308146476745605,5.550717830657959,1.2552249431610107,0.06478829681873322,0.6904931664466858,0.10927923768758774,0.704,6.053529712893123
1.0,0.031733259127169955,1.818181818181837,2.780972480773926,10.359267234802246,1.3270976543426514,0.07631347328424454,0.6933028101921082,0.14351963996887207,0.704,6.053529712893123
1.0,0.09519977738150898,5.45454545454546,3.02055287361145,8.770317077636719,1.3929102420806885,0.05024176836013794,0.7122820019721985,0.13369815051555634,0.704,6.053529712893123
1.0,0.15866629563584844,9.090909090909108,3.6022841930389404,15.573241233825684,1.4006080627441406,0.0592380128800869,0.7042149901390076,0.13899511098861694,0.704,6.053529712893123
1.0,0.22213281389018746,12.727272727272732,3.9785940647125244,12.738164901733398,1.3679784536361694,0.07190361618995667,0.7025095820426941,0.15704253315925598,0.704,6.053529712893123
1.0,0.28559933214452693,16.36363636363638,4.765468597412109,54.409732818603516,1.3556156158447266,0.10562898963689804,0.6940125823020935,0.21434274315834045,0.704,6.053529712893123
1.0,0.34906585039886595,20.000000000000004,5.518847942352295,64.59626007080078,1.3172470331192017,0.11929682642221451,0.7022470831871033,0.239798441529274,0.704,6.053529712893123
1.0,0.4125323686532054,23.63636363636365,4.7235612869262695,15.559990882873535,1.2846205234527588,0.10428933054208755,0.7097249031066895,0.2268185317516327,0.704,6.053529712893123
1.0,0.47599888690754444,27.272727272727273,4.144519329071045,11.921319961547852,1.25443696975708,0.08542833477258682,0.7027692198753357,0.18414746224880219,0.704,6.053529712893123
1.0,0.5394654051618839,30.909090909090924,4.420773983001709,14.782180786132812,1.2696844339370728,0.07068294286727905,0.7051047682762146,0.1587398797273636,0.704,6.053529712893123
1.0,0.6029319234162229,34.54545454545455,5.006044864654541,19.465360641479492,1.2315077781677246,0.06597094237804413,0.704995334148407,0.14361098408699036,0.704,6.053529712893123
1.0,0.6663984416705624,38.181818181818194,5.983161449432373,30.495376586914062,1.2065987586975098,0.061336394399404526,0.7001810669898987,0.11506924778223038,0.704,6.053529712893123
1.0,0.7298649599249014,41.81818181818182,4.701807498931885,20.05518913269043,1.0890753269195557,0.08222941309213638,0.7066779136657715,0.14947015047073364,0.704,6.053529712893123
1.0,0.7933314781792409,45.45454545454547,4.29550313949585,20.207773208618164,1.083005428314209,0.09196963906288147,0.7083209156990051,0.18468961119651794,0.704,6.053529712893123
1.0,0.8567979964335799,49.090909090909086,2.900421619415283,14.469583511352539,1.033534288406372,0.05496584624052048,0.7024972438812256,0.09682546555995941,0.704,6.053529712893123
1.0,0.9202645146879194,52.727272727272734,2.135612726211548,5.014824867248535,1.0032026767730713,0.024260587990283966,0.706936776638031,0.04963548481464386,0.704,6.053529712893123
1.0,0.9837310329422584,56.36363636363636,2.1114256381988525,4.840958118438721,1.0352027416229248,0.012963040731847286,0.7110686302185059,0.0070913853123784065,0.704,6.053529712893123
1.0,1.0471975511965983,60.000000000000036,2.163017988204956,5.657989501953125,1.0591068267822266,0.025539271533489227,0.7075046896934509,0.021410610526800156,0.704,6.053529712893123
1.0,1.1106640694509373,63.636363636363654,2.3563246726989746,5.803537368774414,1.1088510751724243,0.03282058238983154,0.7015058994293213,0.05685857683420181,0.704,6.053529712893123
1.0,1.1741305877052763,67.27272727272728,2.4114115238189697,5.923018455505371,1.1314713954925537,0.027441279962658882,0.7053965330123901,0.022266805171966553,0.704,6.053529712893123
1.0,1.2375971059596154,70.9090909090909,2.552060842514038,8.641870498657227,1.092754602432251,0.037048012018203735,0.7108792662620544,0.06678074598312378,0.704,6.053529712893123
1.0,1.3010636242139553,74.54545454545458,2.585885763168335,7.209869384765625,1.0614558458328247,0.050631776452064514,0.7133791446685791,0.10446622967720032,0.704,6.053529712893123
1.0,1.3645301424682943,78.1818181818182,2.3786377906799316,5.760447025299072,1.0135663747787476,0.040565259754657745,0.7091423869132996,0.09666557610034943,0.704,6.053529712893123
1.0,1.4279966607226333,81.81818181818183,2.5393269062042236,5.631518840789795,1.0502829551696777,0.04811258614063263,0.7127723693847656,0.09965676814317703,0.704,6.053529712893123
1.0,1.4914631789769723,85.45454545454544,2.866590738296509,8.966876983642578,1.0752995014190674,0.022408846765756607,0.7149292826652527,0.046448126435279846,0.704,6.053529712893123
1.0,1.5549296972313122,89.09090909090912,3.047403335571289,7.883986473083496,1.103919506072998,0.01189057994633913,0.7132279276847839,0.02396887168288231,0.704,6.053529712893123
1.0,1.6183962154856513,92.72727272727275,3.125562906265259,9.417332649230957,1.1510963439941406,0.0033640838228166103,0.7185614705085754,0.009599720127880573,0.704,6.053529712893123
1.0,1.6818627337399903,96.36363636363636,3.069240093231201,8.34879207611084,1.1732430458068848,-0.0069148181937634945,0.7158581018447876,-0.01852537877857685,0.704,6.053529712893123
1.0,1.7453292519943293,99.99999999999999,3.0242507457733154,7.195900917053223,1.23736572265625,0.01832936890423298,0.7062293291091919,0.03609788045287132,0.704,6.053529712893123
1.0,1.8087957702486692,103.63636363636367,2.859318733215332,5.259972095489502,1.2464832067489624,0.04611385613679886,0.6899667382240295,0.09424251317977905,0.704,6.053529712893123
1.0,1.8722622885030082,107.27272727272728,3.103489637374878,7.405373573303223,1.2670106887817383,0.04237859323620796,0.7008158564567566,0.09445733577013016,0.704,6.053529712893123
1.0,1.9357288067573473,110.9090909090909,3.173825979232788,7.659656047821045,1.2430270910263062,0.06107053905725479,0.7024833559989929,0.12412379682064056,0.704,6.053529712893123
1.0,1.9991953250116872,114.54545454545458,3.17407488822937,7.587965488433838,1.2886966466903687,0.04097170755267143,0.7054809927940369,0.10192470252513885,0.704,6.053529712893123
1.0,2.062661843266026,118.1818181818182,3.1478822231292725,7.534221649169922,1.3091033697128296,0.022051440551877022,0.7068606019020081,0.01665804162621498,0.704,6.053529712893123
1.0,2.126128361520365,121.81818181818183,3.021286725997925,8.368024826049805,1.3001301288604736,0.0456647053360939,0.7091739177703857,0.0677635669708252,0.704,6.053529712893123
1.0,2.1895948797747042,125.45454545454545,2.8151843547821045,5.2530975341796875,1.212658405303955,0.03623497858643532,0.7114981412887573,0.05761036276817322,0.704,6.053529712893123
1.0,2.253061398029044,129.09090909090912,2.96413516998291,6.558295249938965,1.2041394710540771,0.035428132861852646,0.7086527943611145,0.07104749232530594,0.704,6.053529712893123
1.0,2.316527916283383,132.72727272727275,2.9820899963378906,6.5814995765686035,1.16316819190979,0.043290555477142334,0.7127150893211365,0.09147152304649353,0.704,6.053529712893123
1.0,2.379994434537722,136.36363636363637,2.803917407989502,5.717968940734863,1.1073791980743408,0.06160655990242958,0.7042714357376099,0.1070798933506012,0.704,6.053529712893123
1.0,2.443460952792061,140.0,2.9927077293395996,7.536852836608887,1.1225628852844238,0.04757624492049217,0.7054044008255005,0.08880146592855453,0.704,6.053529712893123
1.0,2.506927471046401,143.63636363636365,2.9590373039245605,7.043542861938477,1.176509976387024,0.051436834037303925,0.708676815032959,0.10073564946651459,0.704,6.053529712893123
1.0,2.57039398930074,147.27272727272728,3.2385077476501465,11.81501293182373,1.2027055025100708,0.0407961905002594,0.7162726521492004,0.06752537935972214,0.704,6.053529712893123
1.0,2.633860507555079,150.9090909090909,3.1643753051757812,7.7725677490234375,1.2320692539215088,0.025495620444417,0.7196751236915588,0.06773220747709274,0.704,6.053529712893123
1.0,2.697327025809418,154.54545454545453,3.183323383331299,7.498480796813965,1.257237195968628,0.03976801037788391,0.7133419513702393,0.08093931525945663,0.704,6.053529712893123
1.0,2.760793544063758,158.18181818181822,3.2866954803466797,8.52092456817627,1.280599594116211,0.06149543821811676,0.7009804844856262,0.12058642506599426,0.704,6.053529712893123
1.0,2.824260062318097,161.81818181818184,3.29176664352417,10.197854042053223,1.2810715436935425,0.06134038791060448,0.7054247260093689,0.10654289275407791,0.704,6.053529712893123
1.0,2.887726580572436,165.45454545454547,3.181741237640381,7.8848557472229,1.2542835474014282,0.05437107011675835,0.7119637131690979,0.0919685810804367,0.704,6.053529712893123
1.0,2.951193098826776,169.09090909090912,3.096231460571289,8.152978897094727,1.243706226348877,0.06324125081300735,0.720838725566864,0.1075405552983284,0.704,6.053529712893123
1.0,3.014659617081115,172.72727272727275,3.3653464317321777,10.930598258972168,1.2173069715499878,0.06377177685499191,0.7205821871757507,0.13743308186531067,0.704,6.053529712893123
1.0,3.078126135335454,176.36363636363637,2.9787099361419678,7.684169292449951,1.1989126205444336,0.05858258530497551,0.7165535688400269,0.13837410509586334,0.704,6.053529712893123
1.0,3.141592653589793,180.0,2.7759945392608643,6.3183770179748535,1.2252675294876099,0.061325617134571075,0.714181661605835,0.09799208492040634,0.704,6.053529712893123
5.0,-3.141592653589793,-180.0,7.300381183624268,21.126131057739258,2.789376974105835,0.10302775353193283,0.7099543213844299,0.20330849289894104,1.0,9.014453612265958
5.0,-3.0781261353354537,-176.36363636363635,8.713183403015137,32.24808883666992,2.8496651649475098,0.1272978037595749,0.700586199760437,0.2599300444126129,1.0,9.014453612265958
5.0,-3.0146596170811146,-172.72727272727272,10.124364852905273,42.320518493652344,2.9213242530822754,0.16279613971710205,0.6968224048614502,0.3292265832424164,1.0,9.014453612265958
5.0,-2.951193098826775,-169.0909090909091,10.447222709655762,48.857444763183594,2.9040322303771973,0.20802108943462372,0.699427604675293,0.42634642124176025,1.0,9.014453612265958
5.0,-2.887726580572436,-165.45454545454547,10.81082534790039,64.98345184326172,2.843557596206665,0.2086046189069748,0.6905599236488342,0.4053480327129364,1.0,9.014453612265958
5.0,-2.8242600623180967,-161.8181818181818,9.02470874786377,27.036422729492188,2.8797497749328613,0.20448701083660126,0.6910491585731506,0.3909927010536194,1.0,9.014453612265958
5.0,-2.7607935440637577,-158.1818181818182,8.97353744506836,36.58128356933594,2.846467971801758,0.15485462546348572,0.6821799278259277,0.29136115312576294,1.0,9.014453612265958
5.0,-2.697327025809418,-154.54545454545453,8.498937606811523,24.08009147644043,2.929736614227295,0.12202966958284378,0.6984434723854065,0.27893877029418945,1.0,9.014453612265958
5.0,-2.633860507555079,-150.9090909090909,9.052445411682129,33.09650802612305,2.9750165939331055,0.11162644624710083,0.7140586376190186,0.24565427005290985,1.0,9.014453612265958
5.0,-2.5703939893007397,-147.27272727272725,8.374394416809082,22.466026306152344,2.86499285697937,0.09931542724370956,0.7086315155029297,0.21185210347175598,1.0,9.014453612265958
5.0,-2.5069274710464007,-143.63636363636365,7.527456283569336,20.582040786743164,2.69309663772583,0.10076748579740524,0.7130134105682373,0.21422746777534485,1.0,9.014453612265958
5.0,-2.443460952792061,-140.0,7.090659141540527,29.014434814453125,2.6447184085845947,0.12287867814302444,0.7044774293899536,0.2597202658653259,1.0,9.014453612265958
5.0,-2.379994434537722,-136.36363636363637,6.874214172363281,23.186294555664062,2.480928897857666,0.12967567145824432,0.7140821218490601,0.2676846385002136,1.0,9.014453612265958
5.0,-2.3165279162833827,-132.72727272727272,6.509842395782471,16.905046463012695,2.36358642578125,0.14888980984687805,0.7139777541160583,0.29873040318489075,1.0,9.014453612265958
5.0,-2.2530613980290433,-129.09090909090907,6.920568943023682,30.664093017578125,2.377875566482544,0.13423743844032288,0.7121226191520691,0.28142398595809937,1.0,9.014453612265958
5.0,-2.1895948797747042,-125.45454545454545,5.712768077850342,13.923134803771973,2.3440675735473633,0.12424421310424805,0.7137846350669861,0.25613683462142944,1.0,9.014453612265958
5.0,-2.126128361520365,-121.81818181818183,5.15558385848999,12.74448013305664,2.2644972801208496,0.094292551279068,0.7062937021255493,0.1892840713262558,1.0,9.014453612265958
5.0,-2.0626618432660258,-118.18181818181817,5.461880207061768,14.581474304199219,2.2973062992095947,0.07674507796764374,0.7079205513000488,0.14266124367713928,1.0,9.014453612265958
5.0,-1.9991953250116865,-114.54545454545455,6.089390754699707,20.947311401367188,2.38716983795166,0.0645960122346878,0.7057772874832153,0.13236305117607117,1.0,9.014453612265958
5.0,-1.9357288067573473,-110.9090909090909,6.229134559631348,21.7264404296875,2.40976881980896,0.048366621136665344,0.7023159861564636,0.11422713100910187,1.0,9.014453612265958
5.0,-1.872262288503008,-107.27272727272727,6.288344860076904,23.882251739501953,2.481658458709717,0.039029646664857864,0.7130340337753296,0.08579785376787186,1.0,9.014453612265958
5.0,-1.8087957702486688,-103.63636363636364,6.1553850173950195,15.771038055419922,2.590322494506836,0.037155382335186005,0.7169293761253357,0.0662306621670723,1.0,9.014453612265958
5.0,-1.7453292519943295,-100.0,6.857691764831543,23.448564529418945,2.7107691764831543,0.02568327635526657,0.716315507888794,0.0334908589720726,1.0,9.014453612265958
5.0,-1.6818627337399903,-96.36363636363636,8.133465766906738,43.77620315551758,2.833583354949951,0.03204777091741562,0.7095695734024048,0.06534557044506073,1.0,9.014453612265958
5.0,-1.6183962154856508,-92.72727272727272,9.436970710754395,128.072509765625,2.792861223220825,0.03371541202068329,0.7042638063430786,0.07092399895191193,1.0,9.014453612265958
5.0,-1.5549296972313116,-89.09090909090908,8.686210632324219,38.22012710571289,2.774078845977783,0.05592335760593414,0.7122873067855835,0.11165834218263626,1.0,9.014453612265958
5.0,-1.4914631789769723,-85.45454545454544,7.3395490646362305,24.192827224731445,2.5912623405456543,0.04227927327156067,0.7121475338935852,0.07214298844337463,1.0,9.014453612265958
5.0,-1.427996660722633,-81.81818181818181,6.821761608123779,24.559141159057617,2.614572763442993,0.05475728213787079,0.7055715322494507,0.10004749894142151,1.0,9.014453612265958
5.0,-1.3645301424682938,-78.18181818181817,6.9355902671813965,23.10712432861328,2.735440731048584,0.0530962198972702,0.7123664617538452,0.10424274951219559,1.0,9.014453612265958
5.0,-1.3010636242139546,-74.54545454545453,6.924432277679443,22.535722732543945,2.665088415145874,0.05153840407729149,0.7109791040420532,0.0975661650300026,1.0,9.014453612265958
5.0,-1.2375971059596154,-70.9090909090909,7.304937362670898,22.496170043945312,2.8230764865875244,0.07524646818637848,0.7015833258628845,0.1410956084728241,1.0,9.014453612265958
5.0,-1.1741305877052761,-67.27272727272727,7.474937438964844,20.47832679748535,2.8963277339935303,0.08025451749563217,0.7029566764831543,0.16668632626533508,1.0,9.014453612265958
5.0,-1.1106640694509369,-63.63636363636363,7.818430423736572,27.272113800048828,2.9074647426605225,0.07025796920061111,0.7071670293807983,0.14446094632148743,1.0,9.014453612265958
5.0,-1.0471975511965974,-59.999999999999986,8.010111808776855,30.96048927307129,2.9162588119506836,0.07205864787101746,0.7138468623161316,0.14270585775375366,1.0,9.014453612265958
5.0,-0.9837310329422584,-56.36363636363636,8.266051292419434,33.37510299682617,2.9483327865600586,0.0704994797706604,0.713433563709259,0.14050307869911194,1.0,9.014453612265958
5.0,-0.9202645146879189,-52.72727272727271,6.484948635101318,20.339284896850586,2.8027751445770264,0.07220073789358139,0.7089089751243591,0.1708163321018219,1.0,9.014453612265958
5.0,-0.8567979964335799,-49.090909090909086,6.4985456466674805,38.40257263183594,2.8697991371154785,0.0720948725938797,0.7125629186630249,0.1405389904975891,1.0,9.014453612265958
5.0,-0.7933314781792404,-45.45454545454544,5.663225173950195,12.15294361114502,3.0456531047821045,0.047813188284635544,0.7174773216247559,0.08678511530160904,1.0,9.014453612265958
5.0,-0.7298649599249014,-41.81818181818182,6.3122172355651855,16.405481338500977,3.136143207550049,0.05689050257205963,0.7136476039886475,0.1179550290107727,1.0,9.014453612265958
5.0,-0.666398441670562,-38.181818181818166,6.4836859703063965,14.91818904876709,3.1340012550354004,0.058999113738536835,0.7096776962280273,0.11864452064037323,1.0,9.014453612265958
5.0,-0.6029319234162229,-34.54545454545455,6.160250186920166,15.207780838012695,2.9565012454986572,0.06134796515107155,0.7154788970947266,0.12760210037231445,1.0,9.014453612265958
5.0,-0.5394654051618835,-30.909090909090896,6.006255149841309,14.57890796661377,2.9219539165496826,0.0730421245098114,0.713385283946991,0.16597069799900055,1.0,9.014453612265958
5.0,-0.47599888690754444,-27.272727272727273,5.963642597198486,13.010442733764648,3.0573642253875732,0.06504351645708084,0.7119609117507935,0.11487984657287598,1.0,9.014453612265958
5.0,-0.412532368653205,-23.636363636363626,6.091117858886719,11.640494346618652,3.2514939308166504,0.07284459471702576,0.7072510123252869,0.15590359270572662,1.0,9.014453612265958
5.0,-0.34906585039886595,-20.000000000000004,6.7069926261901855,23.606679916381836,3.225977897644043,0.03666815534234047,0.721278965473175,0.09110108017921448,1.0,9.014453612265958
5.0,-0.2855993321445265,-16.363636363636353,6.245224475860596,13.708142280578613,3.1176345348358154,0.02618785761296749,0.7168536186218262,0.04494974762201309,1.0,9.014453612265958
5.0,-0.22213281389018746,-12.727272727272732,5.8200154304504395,10.193284034729004,3.0228471755981445,0.014373937621712685,0.7139917612075806,0.019138982519507408,1.0,9.014453612265958
5.0,-0.158666295635848,-9.090909090909083,5.5811262130737305,11.35501480102539,2.8330235481262207,0.02521512284874916,0.7045028805732727,0.03965267166495323,1.0,9.014453612265958
5.0,-0.09519977738150853,-5.454545454545435,5.438025951385498,11.363936424255371,2.7687623500823975,0.05641132965683937,0.7048845291137695,0.10893052816390991,1.0,9.014453612265958
5.0,-0.03173325912716951,-1.8181818181818115,5.443449974060059,10.490474700927734,2.6364476680755615,0.07532844692468643,0.7139032483100891,0.1572616994380951,1.0,9.014453612265958
5.0,0.031733259127169955,1.818181818181837,5.411365509033203,16.367706298828125,2.7131834030151367,0.08110053837299347,0.7117937207221985,0.1681554764509201,1.0,9.014453612265958
5.0,0.09519977738150898,5.45454545454546,5.495667934417725,11.253010749816895,2.7793381214141846,0.08171423524618149,0.7161687612533569,0.18853262066841125,1.0,9.014453612265958
5.0,0.15866629563584844,9.090909090909108,5.806955337524414,11.59709358215332,2.9208316802978516,0.09147434681653976,0.7105138301849365,0.21451672911643982,1.0,9.014453612265958
5.0,0.22213281389018746,12.727272727272732,6.051544189453125,12.736549377441406,3.074083089828491,0.12461516261100769,0.7008366584777832,0.24225477874279022,1.0,9.014453612265958
5.0,0.28559933214452693,16.36363636363638,5.948305130004883,11.59737777709961,3.1013081073760986,0.12876541912555695,0.7021076679229736,0.24817414581775665,1.0,9.014453612265958
5.0,0.34906585039886595,20.000000000000004,5.9496259689331055,10.66372013092041,3.186001777648926,0.1357550024986267,0.7017790675163269,0.29169484972953796,1.0,9.014453612265958
5.0,0.4125323686532054,23.63636363636365,6.415937423706055,13.56881046295166,3.1905219554901123,0.1304454207420349,0.6989591717720032,0.26229000091552734,1.0,9.014453612265958
5.0,0.47599888690754444,27.272727272727273,6.346690654754639,14.559259414672852,3.127873182296753,0.12010908126831055,0.705118715763092,0.24489176273345947,1.0,9.014453612265958
5.0,0.5394654051618839,30.909090909090924,5.917477130889893,13.63631534576416,2.903560161590576,0.13659439980983734,0.6906876564025879,0.26861444115638733,1.0,9.014453612265958
5.0,0.6029319234162229,34.54545454545455,5.5145649909973145,12.948397636413574,2.6532411575317383,0.13751031458377838,0.7003450393676758,0.2916446626186371,1.0,9.014453612265958
5.0,0.6663984416705624,38.181818181818194,6.048340797424316,20.179439544677734,2.6777286529541016,0.15835848450660706,0.6921231746673584,0.31075412034988403,1.0,9.014453612265958
5.0,0.7298649599249014,41.81818181818182,5.969851970672607,23.88766860961914,2.606815814971924,0.15997254848480225,0.6844750642776489,0.2749558687210083,1.0,9.014453612265958
5.0,0.7933314781792409,45.45454545454547,6.178210258483887,14.690847396850586,2.570925712585449,0.14175136387348175,0.6850811839103699,0.2554281949996948,1.0,9.014453612265958
5.0,0.8567979964335799,49.090909090909086,6.407787322998047,17.768632888793945,2.6208620071411133,0.1161879152059555,0.6878051161766052,0.20225825905799866,1.0,9.014453612265958
5.0,0.9202645146879194,52.727272727272734,7.814702987670898,32.470279693603516,2.6216259002685547,0.10453898459672928,0.6893824934959412,0.19414114952087402,1.0,9.014453612265958
5.0,0.9837310329422584,56.36363636363636,8.009729385375977,21.070240020751953,2.6938159465789795,0.10932664573192596,0.6982657313346863,0.22880779206752777,1.0,9.014453612265958
5.0,1.0471975511965983,60.000000000000036,8.0985689163208,22.483205795288086,2.930842876434326,0.10987631976604462,0.6993793249130249,0.2207074761390686,1.0,9.014453612265958
5.0,1.1106640694509373,63.636363636363654,7.942721843719482,21.299898147583008,2.923614978790283,0.1401965171098709,0.7021735906600952,0.2791639268398285,1.0,9.014453612265958
5.0,1.1741305877052763,67.27272727272728,8.54819393157959,23.787084579467773,2.8781073093414307,0.14537915587425232,0.7041786909103394,0.3030503988265991,1.0,9.014453612265958
5.0,1.2375971059596154,70.9090909090909,8.758333206176758,28.26495361328125,2.832759380340576,0.15251754224300385,0.7067410349845886,0.2981465756893158,1.0,9.014453612265958
5.0,1.3010636242139553,74.54545454545458,8.063748359680176,24.793943405151367,2.802624464035034,0.17140193283557892,0.7010502219200134,0.32237929105758667,1.0,9.014453612265958
5.0,1.3645301424682943,78.1818181818182,7.2954583168029785,18.918970108032227,2.79573392868042,0.1621866524219513,0.6940949559211731,0.3134503662586212,1.0,9.014453612265958
5.0,1.4279966607226333,81.81818181818183,7.25094747543335,28.11893653869629,2.708803176879883,0.16872985661029816,0.6925308704376221,0.3430930972099304,1.0,9.014453612265958
5.0,1.4914631789769723,85.45454545454544,6.886413097381592,18.783517837524414,2.7774643898010254,0.14337746798992157,0.6944995522499084,0.2949068248271942,1.0,9.014453612265958
5.0,1.5549296972313122,89.09090909090912,6.836330413818359,15.899182319641113,2.833282947540283,0.12273873388767242,0.6960798501968384,0.2248961180448532,1.0,9.014453612265958
5.0,1.6183962154856513,92.72727272727275,6.688155651092529,23.080015182495117,2.9105634689331055,0.10059408843517303,0.7039064764976501,0.1889725625514984,1.0,9.014453612265958
5.0,1.6818627337399903,96.36363636363636,5.841984272003174,13.326545715332031,2.884819269180298,0.09714251756668091,0.7106847167015076,0.1862846165895462,1.0,9.014453612265958
5.0,1.7453292519943293,99.99999999999999,5.503690719604492,10.23462963104248,2.8339953422546387,0.09008019417524338,0.7100921273231506,0.1541842818260193,1.0,9.014453612265958
5.0,1.8087957702486692,103.63636363636367,5.415064811706543,11.08204174041748,2.802446126937866,0.0751347467303276,0.7058570981025696,0.14267829060554504,1.0,9.014453612265958
5.0,1.8722622885030082,107.27272727272728,5.236052989959717,11.079049110412598,2.6410868167877197,0.0756380558013916,0.7032631635665894,0.14843660593032837,1.0,9.014453612265958
5.0,1.9357288067573473,110.9090909090909,5.371653079986572,16.249509811401367,2.4954631328582764,0.08122017979621887,0.7023029327392578,0.15658831596374512,1.0,9.014453612265958
5.0,1.9991953250116872,114.54545454545458,5.251373291015625,16.930374145507812,2.5240750312805176,0.08840442448854446,0.7124287486076355,0.1891322135925293,1.0,9.014453612265958
5.0,2.062661843266026,118.1818181818182,5.114495754241943,10.408963203430176,2.565469741821289,0.08861062675714493,0.7126792669296265,0.21068547666072845,1.0,9.014453612265958
5.0,2.126128361520365,121.81818181818183,5.39930534362793,19.8765811920166,2.5062930583953857,0.07364985346794128,0.7125488519668579,0.16928499937057495,1.0,9.014453612265958
5.0,2.1895948797747042,125.45454545454545,5.374358177185059,12.440414428710938,2.5637848377227783,0.06469756364822388,0.7163496017456055,0.17319859564304352,1.0,9.014453612265958
5.0,2.253061398029044,129.09090909090912,5.607546806335449,13.54763126373291,2.53718638420105,0.04940391331911087,0.7152246832847595,0.11473521590232849,1.0,9.014453612265958
5.0,2.316527916283383,132.72727272727275,5.796676158905029,17.47078514099121,2.6223702430725098,0.04839788377285004,0.7090250253677368,0.1049911379814148,1.0,9.014453612265958
5.0,2.379994434537722,136.36363636363637,5.780650615692139,22.720016479492188,2.5513081550598145,0.05789685621857643,0.7070846557617188,0.11147132515907288,1.0,9.014453612265958
5.0,2.443460952792061,140.0,4.859494209289551,13.193760871887207,2.468656063079834,0.03977128863334656,0.7082498669624329,0.0811610296368599,1.0,9.014453612265958
5.0,2.506927471046401,143.63636363636365,4.899155139923096,12.74953842163086,2.4987258911132812,0.04479004815220833,0.7243557572364807,0.0838228389620781,1.0,9.014453612265958
5.0,2.57039398930074,147.27272727272728,4.454552173614502,8.767454147338867,2.4792399406433105,0.05392056331038475,0.725377082824707,0.11255805939435959,1.0,9.014453612265958
5.0,2.633860507555079,150.9090909090909,4.477679252624512,9.105446815490723,2.4243178367614746,0.07357480376958847,0.7276236414909363,0.1356872022151947,1.0,9.014453612265958
5.0,2.697327025809418,154.54545454545453,4.7506937980651855,11.214912414550781,2.4039106369018555,0.07777906954288483,0.7254483103752136,0.1453581154346466,1.0,9.014453612265958
5.0,2.760793544063758,158.18181818181822,4.968099117279053,14.800415992736816,2.3451693058013916,0.08372269570827484,0.7176553606987,0.15007248520851135,1.0,9.014453612265958
5.0,2.824260062318097,161.81818181818184,4.796901702880859,17.784151077270508,2.2593231201171875,0.11332006752490997,0.7076968550682068,0.21904462575912476,1.0,9.014453612265958
5.0,2.887726580572436,165.45454545454547,4.966825485229492,13.919610023498535,2.3260107040405273,0.09591144323348999,0.7028569579124451,0.19204536080360413,1.0,9.014453612265958
5.0,2.951193098826776,169.09090909090912,5.141003608703613,13.929010391235352,2.455733299255371,0.0836600735783577,0.7111355662345886,0.15015897154808044,1.0,9.014453612265958
5.0,3.014659617081115,172.72727272727275,5.885408401489258,18.251548767089844,2.5522756576538086,0.09567983448505402,0.7076144218444824,0.199029803276062,1.0,9.014453612265958
5.0,3.078126135335454,176.36363636363637,6.654168605804443,19.0216064453125,2.666886806488037,0.09327775239944458,0.7052838802337646,0.21055705845355988,1.0,9.014453612265958
5.0,3.141592653589793,180.0,7.300381183624268,21.126131057739258,2.789376974105835,0.10302775353193283,0.7099543213844299,0.20330849289894104,1.0,9.014453612265958
10.0,-3.141592653589793,-180.0,16.38680076599121,58.72809982299805,4.192385673522949,0.10009778290987015,0.7104904055595398,0.20218117535114288,0.996,8.957012926762218
10.0,-3.0781261353354537,-176.36363636363635,20.438350677490234,87.15918731689453,4.387801170349121,0.1177034080028534,0.7024566531181335,0.24479861557483673,0.996,8.957012926762218
10.0,-3.0146596170811146,-172.72727272727272,19.827882766723633,83.8045883178711,4.3534393310546875,0.14237089455127716,0.6939414143562317,0.27874481678009033,0.996,8.957012926762218
10.0,-2.951193098826775,-169.0909090909091,16.98554229736328,67.44709777832031,4.638437271118164,0.17540770769119263,0.6901918649673462,0.3272477388381958,0.996,8.957012926762218
10.0,-2.887726580572436,-165.45454545454547,16.530902862548828,87.03986358642578,4.687910556793213,0.18188640475273132,0.6923007965087891,0.3258982300758362,0.996,8.957012926762218
10.0,-2.8242600623180967,-161.8181818181818,15.954691886901855,78.11116790771484,4.732300281524658,0.18580009043216705,0.6790871620178223,0.34570661187171936,0.996,8.957012926762218
10.0,-2.7607935440637577,-158.1818181818182,14.217062950134277,49.126136779785156,4.767857074737549,0.161008819937706,0.7013314962387085,0.3036007881164551,0.996,8.957012926762218
10.0,-2.697327025809418,-154.54545454545453,14.91932487487793,89.02323150634766,4.59432315826416,0.15374229848384857,0.7056177854537964,0.30502861738204956,0.996,8.957012926762218
10.0,-2.633860507555079,-150.9090909090909,12.293594360351562,40.65300750732422,4.1717119216918945,0.16482526063919067,0.6950342655181885,0.3233782947063446,0.996,8.957012926762218
10.0,-2.5703939893007397,-147.27272727272725,11.489109992980957,40.58674240112305,4.030296325683594,0.1530979871749878,0.7024549245834351,0.3225380778312683,0.996,8.957012926762218
10.0,-2.5069274710464007,-143.63636363636365,10.10527229309082,31.468067169189453,3.9797840118408203,0.12506425380706787,0.701981782913208,0.2424599826335907,0.996,8.957012926762218
10.0,-2.443460952792061,-140.0,11.333693504333496,57.74506759643555,4.11178731918335,0.0942276269197464,0.7122608423233032,0.20948264002799988,0.996,8.957012926762218
10.0,-2.379994434537722,-136.36363636363637,11.127001762390137,48.705238342285156,4.234792709350586,0.07323066145181656,0.7076578140258789,0.1580352485179901,0.996,8.957012926762218
10.0,-2.3165279162833827,-132.72727272727272,10.128442764282227,29.61372947692871,4.316208839416504,0.054435767233371735,0.7121057510375977,0.11960774660110474,0.996,8.957012926762218
10.0,-2.2530613980290433,-129.09090909090907,10.65711498260498,34.09047317504883,4.439386367797852,0.05688849464058876,0.7091929316520691,0.11692608147859573,0.996,8.957012926762218
10.0,-2.1895948797747042,-125.45454545454545,11.000904083251953,36.410675048828125,4.460869789123535,0.06721170246601105,0.7106622457504272,0.14805106818675995,0.996,8.957012926762218
10.0,-2.126128361520365,-121.81818181818183,10.423707962036133,37.52998352050781,4.412909507751465,0.07565348595380783,0.7068020701408386,0.14961856603622437,0.996,8.957012926762218
10.0,-2.0626618432660258,-118.18181818181817,9.35249137878418,17.94365882873535,4.501761436462402,0.07684915512800217,0.705726146697998,0.1553134322166443,0.996,8.957012926762218
10.0,-1.9991953250116865,-114.54545454545455,10.502902030944824,22.856201171875,4.849588871002197,0.07952466607093811,0.6953224539756775,0.16993078589439392,0.996,8.957012926762218
10.0,-1.9357288067573473,-110.9090909090909,11.307191848754883,30.38620376586914,5.1586809158325195,0.10540574789047241,0.7047080397605896,0.20200742781162262,0.996,8.957012926762218
10.0,-1.872262288503008,-107.27272727272727,11.117196083068848,35.08745193481445,5.219593048095703,0.11727264523506165,0.7098454833030701,0.23408257961273193,0.996,8.957012926762218
10.0,-1.8087957702486688,-103.63636363636364,10.168085098266602,21.312538146972656,5.543081760406494,0.1339021921157837,0.7070317268371582,0.2580595314502716,0.996,8.957012926762218
10.0,-1.7453292519943295,-100.0,9.547205924987793,15.894601821899414,5.4079270362854,0.14109456539154053,0.6990936398506165,0.27134719491004944,0.996,8.957012926762218
10.0,-1.6818627337399903,-96.36363636363636,9.894866943359375,26.26503562927246,5.278112888336182,0.16464661061763763,0.692646324634552,0.321641206741333,0.996,8.957012926762218
10.0,-1.6183962154856508,-92.72727272727272,10.777162551879883,50.9915885925293,4.982617378234863,0.176722913980484,0.6948786377906799,0.33017420768737793,0.996,8.957012926762218
10.0,-1.5549296972313116,-89.09090909090908,11.035391807556152,52.95004653930664,5.058331489562988,0.18214891850948334,0.688052237033844,0.3347119987010956,0.996,8.957012926762218
10.0,-1.4914631789769723,-85.45454545454544,11.921627044677734,62.11841583251953,5.192131042480469,0.15549807250499725,0.6898770928382874,0.29666686058044434,0.996,8.957012926762218
10.0,-1.427996660722633,-81.81818181818181,12.192667007446289,41.452415466308594,5.101083755493164,0.15274487435817719,0.6973953247070312,0.3181338906288147,0.996,8.957012926762218
10.0,-1.3645301424682938,-78.18181818181817,11.872201919555664,35.05750274658203,4.868837356567383,0.16288261115550995,0.701339602470398,0.3406119644641876,0.996,8.957012926762218
10.0,-1.3010636242139546,-74.54545454545453,13.258892059326172,48.4047737121582,5.139201641082764,0.15516497194766998,0.6921346187591553,0.3023618757724762,0.996,8.957012926762218
10.0,-1.2375971059596154,-70.9090909090909,14.417928695678711,54.18098831176758,5.36669921875,0.17383797466754913,0.6975247859954834,0.34099718928337097,0.996,8.957012926762218
10.0,-1.1741305877052761,-67.27272727272727,15.579163551330566,59.93087387084961,5.437698841094971,0.16481348872184753,0.6995731592178345,0.33233290910720825,0.996,8.957012926762218
10.0,-1.1106640694509369,-63.63636363636363,18.00140380859375,91.32093048095703,5.2252888679504395,0.17254668474197388,0.6915031671524048,0.33150118589401245,0.996,8.957012926762218
10.0,-1.0471975511965974,-59.999999999999986,17.828346252441406,92.8170166015625,5.18703031539917,0.15515589714050293,0.6920806169509888,0.3000713288784027,0.996,8.957012926762218
10.0,-0.9837310329422584,-56.36363636363636,20.812088012695312,178.0211639404297,5.077988624572754,0.1568956822156906,0.6913232207298279,0.2833484411239624,0.996,8.957012926762218
10.0,-0.9202645146879189,-52.72727272727271,22.493921279907227,122.94268798828125,5.061559677124023,0.14469261467456818,0.6849880814552307,0.25610506534576416,0.996,8.957012926762218
10.0,-0.8567979964335799,-49.090909090909086,21.67673683166504,118.2853775024414,5.1410231590271,0.098488949239254,0.6992599964141846,0.18203219771385193,0.996,8.957012926762218
10.0,-0.7933314781792404,-45.45454545454544,21.752609252929688,118.43440246582031,4.797843933105469,0.0806257501244545,0.7055546641349792,0.14713820815086365,0.996,8.957012926762218
10.0,-0.7298649599249014,-41.81818181818182,24.007402420043945,102.63925170898438,4.695894241333008,0.04862482473254204,0.7171633243560791,0.08856747299432755,0.996,8.957012926762218
10.0,-0.666398441670562,-38.181818181818166,26.094654083251953,183.14578247070312,4.802408218383789,0.05903000012040138,0.7129539847373962,0.09788914769887924,0.996,8.957012926762218
10.0,-0.6029319234162229,-34.54545454545455,26.625001907348633,145.8035430908203,4.820521831512451,0.07081738859415054,0.7109221816062927,0.1590329110622406,0.996,8.957012926762218
10.0,-0.5394654051618835,-30.909090909090896,24.495275497436523,98.99507904052734,4.939406394958496,0.07357191294431686,0.7087124586105347,0.1499258577823639,0.996,8.957012926762218
10.0,-0.47599888690754444,-27.272727272727273,27.07500457763672,150.61050415039062,4.914632797241211,0.05113977938890457,0.715717077255249,0.09009528160095215,0.996,8.957012926762218
10.0,-0.412532368653205,-23.636363636363626,28.240774154663086,156.5160675048828,5.063629150390625,0.05545203387737274,0.7186170816421509,0.126226544380188,0.996,8.957012926762218
10.0,-0.34906585039886595,-20.000000000000004,26.913785934448242,114.5521240234375,4.954721450805664,0.05704747885465622,0.7133554816246033,0.12735486030578613,0.996,8.957012926762218
10.0,-0.2855993321445265,-16.363636363636353,25.84732437133789,96.01738739013672,4.819843769073486,0.029352648183703423,0.708294153213501,0.03466823697090149,0.996,8.957012926762218
10.0,-0.22213281389018746,-12.727272727272732,26.868074417114258,106.68903350830078,4.9020867347717285,0.03796500712633133,0.7080265879631042,0.07192681729793549,0.996,8.957012926762218
10.0,-0.158666295635848,-9.090909090909083,29.58013343811035,143.59873962402344,4.928301811218262,0.02343924529850483,0.7072474956512451,0.044301409274339676,0.996,8.957012926762218
10.0,-0.09519977738150853,-5.454545454545435,32.39875793457031,215.97378540039062,4.952402114868164,0.00555775873363018,0.7152430415153503,0.010001189075410366,0.996,8.957012926762218
10.0,-0.03173325912716951,-1.8181818181818115,32.398250579833984,176.9128875732422,5.021112442016602,0.02111995965242386,0.7102651596069336,0.065504290163517,0.996,8.957012926762218
10.0,0.031733259127169955,1.818181818181837,33.018802642822266,194.30966186523438,4.925316333770752,7.526703120674938e-05,0.7112640738487244,0.030547158792614937,0.996,8.957012926762218
10.0,0.09519977738150898,5.45454545454546,28.981937408447266,162.06019592285156,4.809300422668457,0.018677905201911926,0.7106215357780457,0.05889216437935829,0.996,8.957012926762218
10.0,0.15866629563584844,9.090909090909108,26.604658126831055,124.32549285888672,4.848405838012695,0.02612275257706642,0.7141863703727722,0.06937650591135025,0.996,8.957012926762218
10.0,0.22213281389018746,12.727272727272732,25.091171264648438,106.69071960449219,5.234851837158203,0.021191637963056564,0.7209099531173706,0.06679640710353851,0.996,8.957012926762218
10.0,0.28559933214452693,16.36363636363638,20.774633407592773,77.9532470703125,5.34433650970459,0.03186947479844093,0.7179899215698242,0.0850997194647789,0.996,8.957012926762218
10.0,0.34906585039886595,20.000000000000004,21.61117172241211,85.1013412475586,6.059182167053223,0.06194154545664787,0.7067757248878479,0.14242205023765564,0.996,8.957012926762218
10.0,0.4125323686532054,23.63636363636365,22.84743309020996,161.2713165283203,6.226309299468994,0.09528017789125443,0.6999383568763733,0.20126451551914215,0.996,8.957012926762218
10.0,0.47599888690754444,27.272727272727273,22.934663772583008,143.72865295410156,6.001138687133789,0.08193913102149963,0.7039867639541626,0.17468535900115967,0.996,8.957012926762218
10.0,0.5394654051618839,30.909090909090924,18.853649139404297,94.63189697265625,5.607514381408691,0.07857675850391388,0.7055088877677917,0.1755577176809311,0.996,8.957012926762218
10.0,0.6029319234162229,34.54545454545455,16.358928680419922,63.094505310058594,5.25808048248291,0.09949411451816559,0.697370707988739,0.17844460904598236,0.996,8.957012926762218
10.0,0.6663984416705624,38.181818181818194,13.081279754638672,51.687782287597656,4.628081798553467,0.14397457242012024,0.6876667141914368,0.25775519013404846,0.996,8.957012926762218
10.0,0.7298649599249014,41.81818181818182,13.06640338897705,76.03512573242188,4.231485843658447,0.14997617900371552,0.6899018287658691,0.2624450922012329,0.996,8.957012926762218
10.0,0.7933314781792409,45.45454545454547,12.63775634765625,65.04598999023438,4.015451908111572,0.13247878849506378,0.7031247615814209,0.25966721773147583,0.996,8.957012926762218
10.0,0.8567979964335799,49.090909090909086,12.301126480102539,53.72673034667969,3.901209592819214,0.12085378915071487,0.7033425569534302,0.2381405234336853,0.996,8.957012926762218
10.0,0.9202645146879194,52.727272727272734,13.619806289672852,71.16869354248047,3.9656920433044434,0.10590296983718872,0.7151122689247131,0.22493109107017517,0.996,8.957012926762218
10.0,0.9837310329422584,56.36363636363636,13.408060073852539,51.65873718261719,4.243088722229004,0.09564002603292465,0.7133970260620117,0.17845627665519714,0.996,8.957012926762218
10.0,1.0471975511965983,60.000000000000036,13.693527221679688,46.889060974121094,4.240384101867676,0.10520047694444656,0.70863276720047,0.21869373321533203,0.996,8.957012926762218
10.0,1.1106640694509373,63.636363636363654,14.424347877502441,48.6568717956543,4.528097152709961,0.1027003601193428,0.7101647853851318,0.21734704077243805,0.996,8.957012926762218
10.0,1.1741305877052763,67.27272727272728,16.31552505493164,58.105464935302734,4.660368919372559,0.1003521978855133,0.7048540711402893,0.21767912805080414,0.996,8.957012926762218
10.0,1.2375971059596154,70.9090909090909,16.142885208129883,49.96384811401367,4.626225471496582,0.10341953486204147,0.7043337821960449,0.18328365683555603,0.996,8.957012926762218
10.0,1.3010636242139553,74.54545454545458,16.126373291015625,52.0842170715332,4.713648796081543,0.10581410676240921,0.700019121170044,0.18899695575237274,0.996,8.957012926762218
10.0,1.3645301424682943,78.1818181818182,16.427839279174805,50.85759735107422,4.498883247375488,0.11293773353099823,0.6929729580879211,0.20922207832336426,0.996,8.957012926762218
10.0,1.4279966607226333,81.81818181818183,17.7359561920166,86.4065933227539,4.3042755126953125,0.10223738849163055,0.7003229260444641,0.1790194809436798,0.996,8.957012926762218
10.0,1.4914631789769723,85.45454545454544,15.614023208618164,55.800323486328125,4.275351524353027,0.10469602793455124,0.708152711391449,0.22122043371200562,0.996,8.957012926762218
10.0,1.5549296972313122,89.09090909090912,14.826420783996582,56.8873291015625,4.236190319061279,0.09826117008924484,0.7094095349311829,0.2171613723039627,0.996,8.957012926762218
10.0,1.6183962154856513,92.72727272727275,14.22666072845459,61.57648849487305,4.24997091293335,0.08912953734397888,0.708001971244812,0.17713461816310883,0.996,8.957012926762218
10.0,1.6818627337399903,96.36363636363636,14.45102596282959,71.54396057128906,4.448899269104004,0.08381105214357376,0.7116361856460571,0.16687919199466705,0.996,8.957012926762218
10.0,1.7453292519943293,99.99999999999999,14.127354621887207,54.919349670410156,4.4846110343933105,0.08218777924776077,0.7134078741073608,0.16648045182228088,0.996,8.957012926762218
10.0,1.8087957702486692,103.63636363636367,14.01850414276123,45.53837585449219,4.456082820892334,0.09269029647111893,0.7095417380332947,0.17605885863304138,0.996,8.957012926762218
10.0,1.8722622885030082,107.27272727272728,15.119651794433594,63.41986083984375,4.552060604095459,0.08584200590848923,0.7031632661819458,0.16257743537425995,0.996,8.957012926762218
10.0,1.9357288067573473,110.9090909090909,16.955148696899414,81.95787811279297,4.534177303314209,0.07272030413150787,0.7030864357948303,0.1339339315891266,0.996,8.957012926762218
10.0,1.9991953250116872,114.54545454545458,16.10057258605957,57.39583206176758,4.370041847229004,0.08630279451608658,0.7014197111129761,0.1713329553604126,0.996,8.957012926762218
10.0,2.062661843266026,118.1818181818182,17.805587768554688,78.03720092773438,4.2673492431640625,0.09881480783224106,0.6970566511154175,0.18217173218727112,0.996,8.957012926762218
10.0,2.126128361520365,121.81818181818183,19.29787254333496,109.11280059814453,4.106209754943848,0.11059077084064484,0.7022414803504944,0.22131243348121643,0.996,8.957012926762218
10.0,2.1895948797747042,125.45454545454545,19.234878540039062,100.9172134399414,4.211104393005371,0.12429986894130707,0.710289478302002,0.2713463008403778,0.996,8.957012926762218
10.0,2.253061398029044,129.09090909090912,19.02342414855957,89.9864501953125,3.9520320892333984,0.10484166443347931,0.7123220562934875,0.25245219469070435,0.996,8.957012926762218
10.0,2.316527916283383,132.72727272727275,20.329103469848633,117.68269348144531,3.8425447940826416,0.10493218898773193,0.7071059346199036,0.2103894054889679,0.996,8.957012926762218
10.0,2.379994434537722,136.36363636363637,20.72385025024414,97.11280822753906,3.9321045875549316,0.09474897384643555,0.7115381956100464,0.2046353667974472,0.996,8.957012926762218
10.0,2.443460952792061,140.0,17.91419219970703,70.4720687866211,3.928544282913208,0.11261996626853943,0.7098603248596191,0.24636003375053406,0.996,8.957012926762218
10.0,2.506927471046401,143.63636363636365,17.38306999206543,63.58356475830078,3.9234023094177246,0.1284823715686798,0.7096457481384277,0.2693336009979248,0.996,8.957012926762218
10.0,2.57039398930074,147.27272727272728,19.556259155273438,72.74706268310547,3.9636430740356445,0.12302413582801819,0.7076470851898193,0.24388132989406586,0.996,8.957012926762218
10.0,2.633860507555079,150.9090909090909,25.452754974365234,144.16551208496094,4.167304992675781,0.12156500667333603,0.7070010900497437,0.24966025352478027,0.996,8.957012926762218
10.0,2.697327025809418,154.54545454545453,28.463863372802734,275.15789794921875,4.328266620635986,0.12356097996234894,0.7078076601028442,0.24199016392230988,0.996,8.957012926762218
10.0,2.760793544063758,158.18181818181822,31.161373138427734,195.46054077148438,4.001395225524902,0.09752006828784943,0.7094418406486511,0.18327738344669342,0.996,8.957012926762218
10.0,2.824260062318097,161.81818181818184,29.09221076965332,184.14208984375,4.083581447601318,0.06736141443252563,0.7139548659324646,0.1151101365685463,0.996,8.957012926762218
10.0,2.887726580572436,165.45454545454547,26.92829132080078,156.69639587402344,3.900120735168457,0.06934940069913864,0.7136443257331848,0.12960609793663025,0.996,8.957012926762218
10.0,2.951193098826776,169.09090909090912,22.901470184326172,117.7740249633789,3.9341800212860107,0.06197170913219452,0.7228175401687622,0.1287621110677719,0.996,8.957012926762218
10.0,3.014659617081115,172.72727272727275,18.982507705688477,127.30835723876953,3.9285900592803955,0.08057645708322525,0.7245417237281799,0.15731491148471832,0.996,8.957012926762218
10.0,3.078126135335454,176.36363636363637,16.227767944335938,61.126583099365234,4.181722640991211,0.0770391896367073,0.7207189798355103,0.1583329737186432,0.996,8.957012926762218
10.0,3.141592653589793,180.0,16.38680076599121,58.72809982299805,4.192385673522949,0.10009778290987015,0.7104904055595398,0.20218117535114288,0.996,8.957012926762218
50.0,-3.141592653589793,-180.0,16.8373966217041,139.69725036621094,7.101849555969238,0.09499946236610413,0.7184924483299255,0.19543039798736572,1.0,8.849048719125308
50.0,-3.0781261353354537,-176.36363636363635,14.196733474731445,36.07503890991211,6.884195804595947,0.10515879094600677,0.7146950364112854,0.23592324554920197,1.0,8.849048719125308
50.0,-3.0146596170811146,-172.72727272727272,15.040878295898438,40.62379837036133,6.700273513793945,0.1087772399187088,0.7024680376052856,0.22948817908763885,1.0,8.849048719125308
50.0,-2.951193098826775,-169.0909090909091,15.660962104797363,57.36613845825195,6.791700839996338,0.1128188967704773,0.6973769068717957,0.20789390802383423,1.0,8.849048719125308
50.0,-2.887726580572436,-165.45454545454547,15.49229621887207,45.355140686035156,7.233044147491455,0.09475025534629822,0.7048676013946533,0.18987597525119781,1.0,8.849048719125308
50.0,-2.8242600623180967,-161.8181818181818,17.576725006103516,123.22428894042969,7.010301113128662,0.07555095851421356,0.7136588096618652,0.15715686976909637,1.0,8.849048719125308
50.0,-2.7607935440637577,-158.1818181818182,16.535125732421875,71.20436096191406,7.211874008178711,0.02037813700735569,0.7044891715049744,0.01712549477815628,1.0,8.849048719125308
50.0,-2.697327025809418,-154.54545454545453,16.3575439453125,43.247528076171875,7.179352760314941,0.02048007771372795,0.711771547794342,0.03222830593585968,1.0,8.849048719125308
50.0,-2.633860507555079,-150.9090909090909,15.766777038574219,57.37969970703125,6.7668962478637695,0.016883473843336105,0.715870201587677,0.010299096815288067,1.0,8.849048719125308
50.0,-2.5703939893007397,-147.27272727272725,17.244644165039062,62.54951858520508,6.701617240905762,0.011986840516328812,0.7146135568618774,0.013593253679573536,1.0,8.849048719125308
50.0,-2.5069274710464007,-143.63636363636365,21.413928985595703,89.90843200683594,6.894505500793457,0.011459690518677235,0.711784839630127,0.017841774970293045,1.0,8.849048719125308
50.0,-2.443460952792061,-140.0,26.092147827148438,117.49811553955078,7.451563358306885,0.06997121870517731,0.7010499835014343,0.15362408757209778,1.0,8.849048719125308
50.0,-2.379994434537722,-136.36363636363637,30.559635162353516,209.58982849121094,7.606692314147949,0.11561131477355957,0.7058307528495789,0.22819380462169647,1.0,8.849048719125308
50.0,-2.3165279162833827,-132.72727272727272,26.58513069152832,83.91973876953125,7.993595600128174,0.12432646006345749,0.708601176738739,0.2513653039932251,1.0,8.849048719125308
50.0,-2.2530613980290433,-129.09090909090907,34.16676330566406,199.84088134765625,8.911314964294434,0.09075763076543808,0.7133234143257141,0.18993982672691345,1.0,8.849048719125308
50.0,-2.1895948797747042,-125.45454545454545,37.09003448486328,175.2789306640625,8.692547798156738,0.0490274652838707,0.7137381434440613,0.08267916738986969,1.0,8.849048719125308
50.0,-2.126128361520365,-121.81818181818183,36.95395278930664,140.25437927246094,8.401512145996094,0.03953146934509277,0.7166608572006226,0.06272362172603607,1.0,8.849048719125308
50.0,-2.0626618432660258,-118.18181818181817,43.599266052246094,314.783935546875,8.448392868041992,0.03268145024776459,0.7176176905632019,0.05161503329873085,1.0,8.849048719125308
50.0,-1.9991953250116865,-114.54545454545455,37.86859893798828,258.15887451171875,8.504680633544922,0.0001347707147942856,0.7121918797492981,-0.010104210115969181,1.0,8.849048719125308
50.0,-1.9357288067573473,-110.9090909090909,31.598703384399414,165.52215576171875,8.923564910888672,-0.025378575548529625,0.7091773152351379,-0.0537484809756279,1.0,8.849048719125308
50.0,-1.872262288503008,-107.27272727272727,24.28832244873047,90.89547729492188,9.556640625,-0.006658437196165323,0.7134779691696167,-0.00891035608947277,1.0,8.849048719125308
50.0,-1.8087957702486688,-103.63636363636364,21.45358657836914,90.65331268310547,9.119892120361328,0.015488725155591965,0.713383138179779,0.0236541498452425,1.0,8.849048719125308
50.0,-1.7453292519943295,-100.0,20.26845359802246,98.42093658447266,8.526836395263672,0.01867925561964512,0.7151612639427185,0.02302459254860878,1.0,8.849048719125308
50.0,-1.6818627337399903,-96.36363636363636,18.78812026977539,60.861995697021484,8.639184951782227,0.04944077879190445,0.7136456966400146,0.0964253693819046,1.0,8.849048719125308
50.0,-1.6183962154856508,-92.72727272727272,17.230327606201172,52.95030975341797,8.808099746704102,0.08046317100524902,0.7162773609161377,0.15915070474147797,1.0,8.849048719125308
50.0,-1.5549296972313116,-89.09090909090908,16.65570640563965,50.281639099121094,8.773966789245605,0.0705152228474617,0.7203325033187866,0.1558631807565689,1.0,8.849048719125308
50.0,-1.4914631789769723,-85.45454545454544,17.668441772460938,54.325660705566406,8.741985321044922,0.06261954456567764,0.7117772698402405,0.12106256186962128,1.0,8.849048719125308
50.0,-1.427996660722633,-81.81818181818181,19.725299835205078,95.36612701416016,8.742122650146484,0.048027392476797104,0.7019784450531006,0.102257639169693,1.0,8.849048719125308
50.0,-1.3645301424682938,-78.18181818181817,19.438962936401367,75.9458236694336,8.11033821105957,0.036084696650505066,0.7061122059822083,0.08127962052822113,1.0,8.849048719125308
50.0,-1.3010636242139546,-74.54545454545453,20.008628845214844,82.10210418701172,8.073850631713867,0.053684502840042114,0.7035952210426331,0.09587600082159042,1.0,8.849048719125308
50.0,-1.2375971059596154,-70.9090909090909,22.962369918823242,117.22095489501953,8.38845157623291,0.07448773086071014,0.7034834623336792,0.1295633763074875,1.0,8.849048719125308
50.0,-1.1741305877052761,-67.27272727272727,26.64691925048828,159.2552947998047,8.291620254516602,0.058915700763463974,0.6938428282737732,0.11946754157543182,1.0,8.849048719125308
50.0,-1.1106640694509369,-63.63636363636363,30.72793960571289,184.19085693359375,8.232207298278809,0.05171661078929901,0.6922447681427002,0.09421782195568085,1.0,8.849048719125308
50.0,-1.0471975511965974,-59.999999999999986,33.50764083862305,165.01480102539062,8.784013748168945,0.08946750313043594,0.7007958889007568,0.1714600771665573,1.0,8.849048719125308
50.0,-0.9837310329422584,-56.36363636363636,36.879730224609375,182.22854614257812,8.852764129638672,0.10861089080572128,0.7004150748252869,0.22256314754486084,1.0,8.849048719125308
50.0,-0.9202645146879189,-52.72727272727271,40.87702178955078,427.0792236328125,9.029834747314453,0.11405745148658752,0.7069233059883118,0.20932039618492126,1.0,8.849048719125308
50.0,-0.8567979964335799,-49.090909090909086,42.12350082397461,200.2372283935547,8.960857391357422,0.13990923762321472,0.701107919216156,0.2629074454307556,1.0,8.849048719125308
50.0,-0.7933314781792404,-45.45454545454544,50.4808235168457,274.89202880859375,8.753805160522461,0.13153666257858276,0.7037407755851746,0.26803523302078247,1.0,8.849048719125308
50.0,-0.7298649599249014,-41.81818181818182,60.07736587524414,372.2585144042969,8.62330436706543,0.08147811144590378,0.6995830535888672,0.1630472093820572,1.0,8.849048719125308
50.0,-0.666398441670562,-38.181818181818166,76.62779998779297,500.0478820800781,8.612448692321777,0.03522074222564697,0.705122709274292,0.07683207094669342,1.0,8.849048719125308
50.0,-0.6029319234162229,-34.54545454545455,80.33988189697266,504.0184631347656,8.855988502502441,0.06149875745177269,0.704257607460022,0.12161628156900406,1.0,8.849048719125308
50.0,-0.5394654051618835,-30.909090909090896,81.90851593017578,457.1119384765625,8.888391494750977,0.03743286058306694,0.7063462138175964,0.07767651230096817,1.0,8.849048719125308
50.0,-0.47599888690754444,-27.272727272727273,69.65345764160156,438.1556396484375,8.987897872924805,0.0258699469268322,0.7092093825340271,0.08207879960536957,1.0,8.849048719125308
50.0,-0.412532368653205,-23.636363636363626,62.85069274902344,344.4978942871094,8.707572937011719,0.033299725502729416,0.7078536748886108,0.08944372087717056,1.0,8.849048719125308
50.0,-0.34906585039886595,-20.000000000000004,62.74192428588867,355.26104736328125,8.832233428955078,0.0677187442779541,0.7045337557792664,0.14096206426620483,1.0,8.849048719125308
50.0,-0.2855993321445265,-16.363636363636353,70.23075103759766,583.7238159179688,8.951887130737305,0.09178817272186279,0.6932636499404907,0.18311090767383575,1.0,8.849048719125308
50.0,-0.22213281389018746,-12.727272727272732,57.328887939453125,426.9486999511719,8.976694107055664,0.09938636422157288,0.6960004568099976,0.19185416400432587,1.0,8.849048719125308
50.0,-0.158666295635848,-9.090909090909083,61.6591911315918,553.2765502929688,9.285074234008789,0.07915159314870834,0.7006824016571045,0.17482072114944458,1.0,8.849048719125308
50.0,-0.09519977738150853,-5.454545454545435,52.80274200439453,360.3039245605469,9.406231880187988,0.07996397465467453,0.7091346979141235,0.195686474442482,1.0,8.849048719125308
50.0,-0.03173325912716951,-1.8181818181818115,49.34901428222656,258.9670715332031,9.078187942504883,0.07027628272771835,0.711648166179657,0.1584416627883911,1.0,8.849048719125308
50.0,0.031733259127169955,1.818181818181837,40.69351577758789,193.48072814941406,8.980305671691895,0.07104568183422089,0.7203955054283142,0.1369185745716095,1.0,8.849048719125308
50.0,0.09519977738150898,5.45454545454546,37.57018280029297,124.63480377197266,9.484923362731934,0.06327927857637405,0.7125598788261414,0.12773844599723816,1.0,8.849048719125308
50.0,0.15866629563584844,9.090909090909108,34.547115325927734,95.61688995361328,9.726393699645996,0.08105780184268951,0.7152613401412964,0.1559022068977356,1.0,8.849048719125308
50.0,0.22213281389018746,12.727272727272732,34.63483810424805,141.50282287597656,9.63767147064209,0.0901675745844841,0.7111033797264099,0.17829570174217224,1.0,8.849048719125308
50.0,0.28559933214452693,16.36363636363638,40.2862548828125,139.8920440673828,10.384201049804688,0.10233461856842041,0.699890673160553,0.2053859680891037,1.0,8.849048719125308
50.0,0.34906585039886595,20.000000000000004,42.718101501464844,142.65887451171875,10.578634262084961,0.09780155122280121,0.676213800907135,0.1950167715549469,1.0,8.849048719125308
50.0,0.4125323686532054,23.63636363636365,49.956565856933594,285.2560119628906,10.929181098937988,0.08477148413658142,0.6742896437644958,0.14949074387550354,1.0,8.849048719125308
50.0,0.47599888690754444,27.272727272727273,45.44550323486328,168.84017944335938,11.425314903259277,0.10442613810300827,0.6807268857955933,0.17522840201854706,1.0,8.849048719125308
50.0,0.5394654051618839,30.909090909090924,44.87110137939453,113.92420196533203,11.405698776245117,0.13829143345355988,0.6872373223304749,0.25405070185661316,1.0,8.849048719125308
50.0,0.6029319234162229,34.54545454545455,52.085514068603516,150.69749450683594,11.286229133605957,0.15966719388961792,0.6936509609222412,0.30763107538223267,1.0,8.849048719125308
50.0,0.6663984416705624,38.181818181818194,48.74828338623047,120.97863006591797,10.588275909423828,0.15899433195590973,0.6956033706665039,0.32051461935043335,1.0,8.849048719125308
50.0,0.7298649599249014,41.81818181818182,48.05169677734375,124.47218322753906,10.428215980529785,0.13235343992710114,0.7107194662094116,0.2760108709335327,1.0,8.849048719125308
50.0,0.7933314781792409,45.45454545454547,49.5770149230957,177.32066345214844,9.966419219970703,0.12141021341085434,0.7076523900032043,0.23544780910015106,1.0,8.849048719125308
50.0,0.8567979964335799,49.090909090909086,41.06001663208008,119.46682739257812,8.941064834594727,0.1009497120976448,0.7051763534545898,0.19804909825325012,1.0,8.849048719125308
50.0,0.9202645146879194,52.727272727272734,37.30461502075195,167.3119659423828,8.282584190368652,0.06819234043359756,0.7106948494911194,0.13084325194358826,1.0,8.849048719125308
50.0,0.9837310329422584,56.36363636363636,37.937774658203125,162.18606567382812,7.749789237976074,0.03416426479816437,0.7095709443092346,0.04272588714957237,1.0,8.849048719125308
50.0,1.0471975511965983,60.000000000000036,44.315242767333984,193.62667846679688,7.2782063484191895,0.05394633859395981,0.7058396935462952,0.08811870217323303,1.0,8.849048719125308
50.0,1.1106640694509373,63.636363636363654,42.284122467041016,192.71409606933594,6.816374778747559,0.036853764206171036,0.7016156911849976,0.0392964631319046,1.0,8.849048719125308
50.0,1.1741305877052763,67.27272727272728,37.93880081176758,168.8695526123047,6.674084186553955,0.04157596826553345,0.7016682028770447,0.07415733486413956,1.0,8.849048719125308
50.0,1.2375971059596154,70.9090909090909,35.134334564208984,131.5332794189453,6.839609622955322,0.03866726905107498,0.7067153453826904,0.07959994673728943,1.0,8.849048719125308
50.0,1.3010636242139553,74.54545454545458,35.631378173828125,152.3318328857422,7.4123992919921875,0.07282738387584686,0.7204694747924805,0.16011451184749603,1.0,8.849048719125308
50.0,1.3645301424682943,78.1818181818182,31.32461166381836,136.76487731933594,8.103574752807617,0.10438968241214752,0.7225024700164795,0.23629941046237946,1.0,8.849048719125308
50.0,1.4279966607226333,81.81818181818183,25.295886993408203,75.7657470703125,8.07316780090332,0.0832274928689003,0.7244516015052795,0.21683478355407715,1.0,8.849048719125308
50.0,1.4914631789769723,85.45454545454544,24.718313217163086,69.79473114013672,7.891072750091553,0.09153204411268234,0.7172116637229919,0.1823912113904953,1.0,8.849048719125308
50.0,1.5549296972313122,89.09090909090912,25.482807159423828,85.46841430664062,7.877697467803955,0.07213357090950012,0.7153719663619995,0.14733028411865234,1.0,8.849048719125308
50.0,1.6183962154856513,92.72727272727275,22.887550354003906,64.34182739257812,8.414046287536621,0.08537054061889648,0.7275033593177795,0.19598475098609924,1.0,8.849048719125308
50.0,1.6818627337399903,96.36363636363636,22.96320343017578,62.13671875,8.51502513885498,0.11916056275367737,0.7116036415100098,0.2638233006000519,1.0,8.849048719125308
50.0,1.7453292519943293,99.99999999999999,21.198333740234375,53.18516159057617,7.8306660652160645,0.14763395488262177,0.7093009352684021,0.3108345866203308,1.0,8.849048719125308
50.0,1.8087957702486692,103.63636363636367,20.90519142150879,59.112632751464844,7.796146392822266,0.1477648764848709,0.7076716423034668,0.28737184405326843,1.0,8.849048719125308
50.0,1.8722622885030082,107.27272727272728,21.292831420898438,63.24429702758789,7.443795204162598,0.15043891966342926,0.6945794820785522,0.2883409857749939,1.0,8.849048719125308
50.0,1.9357288067573473,110.9090909090909,28.26515769958496,207.05105590820312,7.620420455932617,0.17718085646629333,0.6866729259490967,0.3344407379627228,1.0,8.849048719125308
50.0,1.9991953250116872,114.54545454545458,28.873796463012695,166.3438262939453,7.397453308105469,0.17965145409107208,0.6831449866294861,0.32866644859313965,1.0,8.849048719125308
50.0,2.062661843266026,118.1818181818182,28.698266983032227,199.33712768554688,7.450860023498535,0.18894833326339722,0.6780747771263123,0.3360937833786011,1.0,8.849048719125308
50.0,2.126128361520365,121.81818181818183,31.345706939697266,205.8046112060547,7.873088359832764,0.1838408261537552,0.6879578232765198,0.3610989451408386,1.0,8.849048719125308
50.0,2.1895948797747042,125.45454545454545,25.422550201416016,116.97799682617188,7.579500198364258,0.1815018206834793,0.6997954249382019,0.36302152276039124,1.0,8.849048719125308
50.0,2.253061398029044,129.09090909090912,21.767208099365234,83.56299591064453,7.378828048706055,0.16077542304992676,0.7034606337547302,0.31330031156539917,1.0,8.849048719125308
50.0,2.316527916283383,132.72727272727275,20.797266006469727,68.10652923583984,7.548287391662598,0.13408692181110382,0.699989914894104,0.23930761218070984,1.0,8.849048719125308
50.0,2.379994434537722,136.36363636363637,23.435407638549805,83.71839141845703,7.570917129516602,0.10954602062702179,0.6914672255516052,0.20482191443443298,1.0,8.849048719125308
50.0,2.443460952792061,140.0,24.15083122253418,132.09942626953125,7.299943447113037,0.10626626759767532,0.6966008543968201,0.18967822194099426,1.0,8.849048719125308
50.0,2.506927471046401,143.63636363636365,23.00233268737793,72.41815185546875,6.954164028167725,0.1373753547668457,0.6978539824485779,0.24038484692573547,1.0,8.849048719125308
50.0,2.57039398930074,147.27272727272728,21.29681968688965,65.3959732055664,6.859734535217285,0.13401049375534058,0.6998391151428223,0.265428751707077,1.0,8.849048719125308
50.0,2.633860507555079,150.9090909090909,21.725711822509766,85.36009216308594,6.7190446853637695,0.14754515886306763,0.6917619705200195,0.2891387343406677,1.0,8.849048719125308
50.0,2.697327025809418,154.54545454545453,22.2214412689209,82.3713150024414,6.515730857849121,0.11427534371614456,0.7058091759681702,0.22653202712535858,1.0,8.849048719125308
50.0,2.760793544063758,158.18181818181822,22.41823387145996,89.0332260131836,6.391293048858643,0.12446869164705276,0.6986059546470642,0.2474239021539688,1.0,8.849048719125308
50.0,2.824260062318097,161.81818181818184,28.620899200439453,289.8934326171875,6.54089879989624,0.10943815112113953,0.7034916877746582,0.21244271099567413,1.0,8.849048719125308
50.0,2.887726580572436,165.45454545454547,28.228370666503906,159.4969940185547,6.618849754333496,0.11776319891214371,0.7031154632568359,0.2515157461166382,1.0,8.849048719125308
50.0,2.951193098826776,169.09090909090912,26.467741012573242,125.2164077758789,6.882445812225342,0.12609858810901642,0.6964095830917358,0.25699397921562195,1.0,8.849048719125308
50.0,3.014659617081115,172.72727272727275,24.280229568481445,97.74413299560547,6.587645530700684,0.1140991747379303,0.7076672315597534,0.23076306283473969,1.0,8.849048719125308
50.0,3.078126135335454,176.36363636363637,20.335317611694336,65.3260269165039,7.098965167999268,0.10355300456285477,0.7146798372268677,0.24457456171512604,1.0,8.849048719125308
50.0,3.141592653589793,180.0,16.8373966217041,139.69725036621094,7.101849555969238,0.09499946236610413,0.7184924483299255,0.19543039798736572,1.0,8.849048719125308
100.0,-3.141592653589793,-180.0,30.38383674621582,68.98653411865234,10.736021041870117,0.16434529423713684,0.7029217481613159,0.3517588973045349,0.75,6.057921015040767
100.0,-3.0781261353354537,-176.36363636363635,29.50893783569336,74.65311431884766,10.74468994140625,0.15056507289409637,0.7014620304107666,0.3187255263328552,0.75,6.057921015040767
100.0,-3.0146596170811146,-172.72727272727272,27.850234985351562,73.64630889892578,10.794748306274414,0.1338798701763153,0.7061005234718323,0.2502508759498596,0.75,6.057921015040767
100.0,-2.951193098826775,-169.0909090909091,27.03577995300293,68.18347930908203,10.236152648925781,0.14032670855522156,0.6846745014190674,0.2555714249610901,0.75,6.057921015040767
100.0,-2.887726580572436,-165.45454545454547,26.042978286743164,73.1645736694336,10.082797050476074,0.15322744846343994,0.6899198889732361,0.2929762601852417,0.75,6.057921015040767
100.0,-2.8242600623180967,-161.8181818181818,28.13132667541504,119.86666870117188,10.136015892028809,0.14033059775829315,0.6906437277793884,0.25747373700141907,0.75,6.057921015040767
100.0,-2.7607935440637577,-158.1818181818182,26.68671226501465,65.91024780273438,10.237000465393066,0.16122350096702576,0.6908115744590759,0.2950795888900757,0.75,6.057921015040767
100.0,-2.697327025809418,-154.54545454545453,25.615808486938477,61.46100997924805,10.072349548339844,0.1531779170036316,0.7000508904457092,0.30160772800445557,0.75,6.057921015040767
100.0,-2.633860507555079,-150.9090909090909,29.085403442382812,137.73109436035156,9.41036605834961,0.15348240733146667,0.684395432472229,0.2786150574684143,0.75,6.057921015040767
100.0,-2.5703939893007397,-147.27272727272725,27.014366149902344,86.86326599121094,9.243375778198242,0.16521377861499786,0.6878799200057983,0.3076101839542389,0.75,6.057921015040767
100.0,-2.5069274710464007,-143.63636363636365,24.60063362121582,74.74669647216797,9.410019874572754,0.17861226201057434,0.6905443072319031,0.33550548553466797,0.75,6.057921015040767
100.0,-2.443460952792061,-140.0,24.44029426574707,67.86717987060547,9.35670280456543,0.14806754887104034,0.6919132471084595,0.278725266456604,0.75,6.057921015040767
100.0,-2.379994434537722,-136.36363636363637,23.876161575317383,68.29639434814453,9.043493270874023,0.1301327794790268,0.7004581093788147,0.23944750428199768,0.75,6.057921015040767
100.0,-2.3165279162833827,-132.72727272727272,24.886674880981445,76.65509033203125,8.774104118347168,0.1370474398136139,0.7022077441215515,0.26302570104599,0.75,6.057921015040767
100.0,-2.2530613980290433,-129.09090909090907,26.799917221069336,100.81976318359375,8.31149959564209,0.13519398868083954,0.695956289768219,0.26629412174224854,0.75,6.057921015040767
100.0,-2.1895948797747042,-125.45454545454545,26.07910919189453,86.22311401367188,8.391500473022461,0.1308218240737915,0.699613630771637,0.2615145742893219,0.75,6.057921015040767
100.0,-2.126128361520365,-121.81818181818183,30.535959243774414,143.30201721191406,8.643058776855469,0.11808501183986664,0.6963942646980286,0.23237460851669312,0.75,6.057921015040767
100.0,-2.0626618432660258,-118.18181818181817,29.782960891723633,90.78234100341797,9.030050277709961,0.0934557095170021,0.7034746408462524,0.19868934154510498,0.75,6.057921015040767
100.0,-1.9991953250116865,-114.54545454545455,31.269607543945312,177.56663513183594,8.854869842529297,0.06969794631004333,0.7176923155784607,0.15974420309066772,0.75,6.057921015040767
100.0,-1.9357288067573473,-110.9090909090909,28.329856872558594,96.49134063720703,8.520668983459473,0.07134921103715897,0.7225096821784973,0.14180350303649902,0.75,6.057921015040767
100.0,-1.872262288503008,-107.27272727272727,26.566028594970703,87.20240020751953,8.492449760437012,0.11690797656774521,0.7193368673324585,0.23459169268608093,0.75,6.057921015040767
100.0,-1.8087957702486688,-103.63636363636364,26.471677780151367,92.41154479980469,8.552573204040527,0.12172794342041016,0.7204300165176392,0.25673747062683105,0.75,6.057921015040767
100.0,-1.7453292519943295,-100.0,27.383432388305664,110.25969696044922,8.603201866149902,0.10790969431400299,0.7320941090583801,0.227963387966156,0.75,6.057921015040767
100.0,-1.6818627337399903,-96.36363636363636,28.59783363342285,128.4288330078125,8.762069702148438,0.08942776918411255,0.7266173958778381,0.19661054015159607,0.75,6.057921015040767
100.0,-1.6183962154856508,-92.72727272727272,31.80010414123535,136.04803466796875,8.810525894165039,0.0933057889342308,0.7215893864631653,0.18796344101428986,0.75,6.057921015040767
100.0,-1.5549296972313116,-89.09090909090908,30.36233901977539,135.313720703125,8.285470962524414,0.11114846915006638,0.7176945805549622,0.23390045762062073,0.75,6.057921015040767
100.0,-1.4914631789769723,-85.45454545454544,25.922927856445312,168.62588500976562,7.891020774841309,0.11283985525369644,0.7171970009803772,0.2313966155052185,0.75,6.057921015040767
100.0,-1.427996660722633,-81.81818181818181,23.418428421020508,132.4642333984375,7.479575157165527,0.129227414727211,0.7127212285995483,0.2536276876926422,0.75,6.057921015040767
100.0,-1.3645301424682938,-78.18181818181817,18.765972137451172,66.15483093261719,7.375239372253418,0.09354635328054428,0.7201024293899536,0.16722217202186584,0.75,6.057921015040767
100.0,-1.3010636242139546,-74.54545454545453,18.08550453186035,50.388370513916016,7.708756923675537,0.09145903587341309,0.7157796025276184,0.14802870154380798,0.75,6.057921015040767
100.0,-1.2375971059596154,-70.9090909090909,17.832521438598633,41.785255432128906,7.877067565917969,0.0804729238152504,0.7180697917938232,0.14894013106822968,0.75,6.057921015040767
100.0,-1.1741305877052761,-67.27272727272727,17.743288040161133,58.34217071533203,8.074772834777832,0.0806136280298233,0.7040296196937561,0.17275044322013855,0.75,6.057921015040767
100.0,-1.1106640694509369,-63.63636363636363,19.092985153198242,122.40980529785156,8.251895904541016,0.08048795908689499,0.7085094451904297,0.15910321474075317,0.75,6.057921015040767
100.0,-1.0471975511965974,-59.999999999999986,17.762941360473633,46.995174407958984,8.28029727935791,0.10106527805328369,0.7123513221740723,0.2079840898513794,0.75,6.057921015040767
100.0,-0.9837310329422584,-56.36363636363636,17.878915786743164,50.72588348388672,8.893404006958008,0.10927719622850418,0.7141876816749573,0.23077405989170074,0.75,6.057921015040767
100.0,-0.9202645146879189,-52.72727272727271,18.14394760131836,55.951515197753906,8.912336349487305,0.14445804059505463,0.6977327466011047,0.26680073142051697,0.75,6.057921015040767
100.0,-0.8567979964335799,-49.090909090909086,21.063539505004883,74.13681030273438,9.243322372436523,0.15428538620471954,0.6958184242248535,0.2881260812282562,0.75,6.057921015040767
100.0,-0.7933314781792404,-45.45454545454544,22.23065948486328,102.7540283203125,9.129742622375488,0.18778261542320251,0.6851329803466797,0.3668559193611145,0.75,6.057921015040767
100.0,-0.7298649599249014,-41.81818181818182,22.251073837280273,64.61642456054688,9.389577865600586,0.17929010093212128,0.7025147676467896,0.36960339546203613,0.75,6.057921015040767
100.0,-0.666398441670562,-38.181818181818166,20.498504638671875,89.6709213256836,8.73390007019043,0.16958504915237427,0.7157040238380432,0.3700457811355591,0.75,6.057921015040767
100.0,-0.6029319234162229,-34.54545454545455,17.112031936645508,42.844417572021484,8.234430313110352,0.19336862862110138,0.7052690386772156,0.39773422479629517,0.75,6.057921015040767
100.0,-0.5394654051618835,-30.909090909090896,17.384479522705078,49.59553527832031,7.950793743133545,0.20632757246494293,0.7009134292602539,0.4166240096092224,0.75,6.057921015040767
100.0,-0.47599888690754444,-27.272727272727273,16.510297775268555,41.26594543457031,7.733044624328613,0.22576263546943665,0.6920915842056274,0.4449063539505005,0.75,6.057921015040767
100.0,-0.412532368653205,-23.636363636363626,17.773292541503906,55.83210754394531,7.612788677215576,0.23710696399211884,0.6891307830810547,0.45868852734565735,0.75,6.057921015040767
100.0,-0.34906585039886595,-20.000000000000004,17.805212020874023,50.57981872558594,7.363767623901367,0.2193737030029297,0.6917516589164734,0.421906054019928,0.75,6.057921015040767
100.0,-0.2855993321445265,-16.363636363636353,18.278833389282227,56.28752517700195,7.632504940032959,0.21229314804077148,0.6898565888404846,0.4098260998725891,0.75,6.057921015040767
100.0,-0.22213281389018746,-12.727272727272732,18.857013702392578,58.96054458618164,7.582425117492676,0.20358677208423615,0.6864027976989746,0.36276471614837646,0.75,6.057921015040767
100.0,-0.158666295635848,-9.090909090909083,18.682754516601562,65.67927551269531,7.3551177978515625,0.22038522362709045,0.6912726759910583,0.39754825830459595,0.75,6.057921015040767
100.0,-0.09519977738150853,-5.454545454545435,18.091487884521484,54.93701934814453,7.237182140350342,0.2374373972415924,0.6849161982536316,0.43280747532844543,0.75,6.057921015040767
100.0,-0.03173325912716951,-1.8181818181818115,19.928054809570312,89.51531982421875,7.381135940551758,0.21187879145145416,0.6859725713729858,0.39725059270858765,0.75,6.057921015040767
100.0,0.031733259127169955,1.818181818181837,19.185012817382812,62.78585433959961,7.284038543701172,0.20874735713005066,0.701149046421051,0.4153125286102295,0.75,6.057921015040767
100.0,0.09519977738150898,5.45454545454546,21.000991821289062,110.92367553710938,7.701526641845703,0.20416873693466187,0.6936342716217041,0.4083150625228882,0.75,6.057921015040767
100.0,0.15866629563584844,9.090909090909108,19.802541732788086,69.5671157836914,7.163980484008789,0.20489026606082916,0.6997244954109192,0.40924328565597534,0.75,6.057921015040767
100.0,0.22213281389018746,12.727272727272732,20.00227928161621,66.21601104736328,7.120223522186279,0.1996224969625473,0.69809490442276,0.39025238156318665,0.75,6.057921015040767
100.0,0.28559933214452693,16.36363636363638,22.632545471191406,70.68778991699219,7.499836444854736,0.2170805186033249,0.7030967473983765,0.43248188495635986,0.75,6.057921015040767
100.0,0.34906585039886595,20.000000000000004,22.019710540771484,60.9444694519043,7.6091156005859375,0.24902179837226868,0.6919623613357544,0.4836915135383606,0.75,6.057921015040767
100.0,0.4125323686532054,23.63636363636365,22.471649169921875,109.75972747802734,8.192827224731445,0.23302090167999268,0.6932644844055176,0.4533897042274475,0.75,6.057921015040767
100.0,0.47599888690754444,27.272727272727273,23.00125503540039,111.59819030761719,8.483318328857422,0.22992558777332306,0.6919716000556946,0.4458026885986328,0.75,6.057921015040767
100.0,0.5394654051618839,30.909090909090924,25.7078800201416,161.8739013671875,8.788393020629883,0.23631933331489563,0.6797010898590088,0.45187848806381226,0.75,6.057921015040767
100.0,0.6029319234162229,34.54545454545455,23.109956741333008,92.06196594238281,9.167149543762207,0.23981548845767975,0.6784034371376038,0.4542146921157837,0.75,6.057921015040767
100.0,0.6663984416705624,38.181818181818194,26.112730026245117,109.36891174316406,9.79322338104248,0.22267235815525055,0.6832343339920044,0.4341372847557068,0.75,6.057921015040767
100.0,0.7298649599249014,41.81818181818182,29.375804901123047,158.72232055664062,9.450822830200195,0.21076029539108276,0.6821187734603882,0.38710182905197144,0.75,6.057921015040767
100.0,0.7933314781792409,45.45454545454547,30.96769142150879,162.44679260253906,9.258804321289062,0.23042161762714386,0.67458176612854,0.40509098768234253,0.75,6.057921015040767
100.0,0.8567979964335799,49.090909090909086,29.428083419799805,123.6283950805664,9.04069709777832,0.21740640699863434,0.6578391790390015,0.3750058710575104,0.75,6.057921015040767
100.0,0.9202645146879194,52.727272727272734,31.67083740234375,102.05614471435547,9.472071647644043,0.1752699762582779,0.6685820817947388,0.30737078189849854,0.75,6.057921015040767
100.0,0.9837310329422584,56.36363636363636,43.561317443847656,224.7048797607422,9.857109069824219,0.19518792629241943,0.6642691493034363,0.3585943877696991,0.75,6.057921015040767
100.0,1.0471975511965983,60.000000000000036,43.745628356933594,187.37879943847656,10.067863464355469,0.21798133850097656,0.6615990996360779,0.39109620451927185,0.75,6.057921015040767
100.0,1.1106640694509373,63.636363636363654,81.56239318847656,3791.157958984375,11.011916160583496,0.20308086276054382,0.6595897078514099,0.3638278841972351,0.75,6.057921015040767
100.0,1.1741305877052763,67.27272727272728,51.87408447265625,214.43133544921875,11.287166595458984,0.18082064390182495,0.6691323518753052,0.32723885774612427,0.75,6.057921015040767
100.0,1.2375971059596154,70.9090909090909,55.03809356689453,214.4582977294922,11.317132949829102,0.158269003033638,0.6814781427383423,0.3084620237350464,0.75,6.057921015040767
100.0,1.3010636242139553,74.54545454545458,66.7697982788086,467.2265319824219,11.649199485778809,0.17400875687599182,0.6821605563163757,0.32918334007263184,0.75,6.057921015040767
100.0,1.3645301424682943,78.1818181818182,67.6428451538086,773.7213745117188,12.491015434265137,0.1992943286895752,0.6870867609977722,0.3838938772678375,0.75,6.057921015040767
100.0,1.4279966607226333,81.81818181818183,56.2918586730957,321.0150451660156,13.520376205444336,0.20415084064006805,0.6851437091827393,0.3804301917552948,0.75,6.057921015040767
100.0,1.4914631789769723,85.45454545454544,63.39400863647461,342.7284851074219,13.577266693115234,0.18728108704090118,0.6974403262138367,0.38658130168914795,0.75,6.057921015040767
100.0,1.5549296972313122,89.09090909090912,62.946624755859375,346.3340148925781,13.461353302001953,0.2163006216287613,0.6826385855674744,0.409924179315567,0.75,6.057921015040767
100.0,1.6183962154856513,92.72727272727275,54.72945785522461,216.23533630371094,13.417306900024414,0.2378372699022293,0.6779956817626953,0.4450496733188629,0.75,6.057921015040767
100.0,1.6818627337399903,96.36363636363636,55.51636505126953,227.4944610595703,13.619643211364746,0.2256491631269455,0.6796594858169556,0.4211494028568268,0.75,6.057921015040767
100.0,1.7453292519943293,99.99999999999999,55.734466552734375,222.56105041503906,12.87585735321045,0.20566463470458984,0.6767993569374084,0.3661278486251831,0.75,6.057921015040767
100.0,1.8087957702486692,103.63636363636367,54.44293212890625,541.8796997070312,12.710203170776367,0.19642607867717743,0.6787426471710205,0.3665226101875305,0.75,6.057921015040767
100.0,1.8722622885030082,107.27272727272728,50.70428466796875,371.25616455078125,11.661050796508789,0.21010518074035645,0.6855656504631042,0.38604387640953064,0.75,6.057921015040767
100.0,1.9357288067573473,110.9090909090909,43.3830680847168,207.51165771484375,10.803664207458496,0.1990729123353958,0.7038289308547974,0.4208777844905853,0.75,6.057921015040767
100.0,1.9991953250116872,114.54545454545458,37.636226654052734,153.24290466308594,10.110658645629883,0.20354393124580383,0.7069126963615417,0.43574583530426025,0.75,6.057921015040767
100.0,2.062661843266026,118.1818181818182,35.549339294433594,123.13995361328125,9.687254905700684,0.21109767258167267,0.7096966505050659,0.44450220465660095,0.75,6.057921015040767
100.0,2.126128361520365,121.81818181818183,37.35668182373047,158.98887634277344,9.872175216674805,0.194090336561203,0.7002752423286438,0.3881969153881073,0.75,6.057921015040767
100.0,2.1895948797747042,125.45454545454545,37.61305236816406,184.6128387451172,9.839823722839355,0.2212693989276886,0.6787894368171692,0.42058712244033813,0.75,6.057921015040767
100.0,2.253061398029044,129.09090909090912,37.507816314697266,189.5315399169922,9.907705307006836,0.2161852866411209,0.6699451804161072,0.3914712965488434,0.75,6.057921015040767
100.0,2.316527916283383,132.72727272727275,36.46255874633789,149.09262084960938,10.518295288085938,0.2000366598367691,0.6752663254737854,0.3547670841217041,0.75,6.057921015040767
100.0,2.379994434537722,136.36363636363637,35.219364166259766,123.8140640258789,11.508243560791016,0.20625154674053192,0.674856424331665,0.36032700538635254,0.75,6.057921015040767
100.0,2.443460952792061,140.0,33.36709976196289,96.15837097167969,12.036839485168457,0.21411052346229553,0.6852509379386902,0.385468065738678,0.75,6.057921015040767
100.0,2.506927471046401,143.63636363636365,36.190704345703125,105.23180389404297,13.4056978225708,0.20813411474227905,0.6866371631622314,0.3933253288269043,0.75,6.057921015040767
100.0,2.57039398930074,147.27272727272728,42.176063537597656,210.61260986328125,13.519067764282227,0.21063271164894104,0.6942700147628784,0.41620615124702454,0.75,6.057921015040767
100.0,2.633860507555079,150.9090909090909,40.39838409423828,152.31289672851562,12.952398300170898,0.21424990892410278,0.6960814595222473,0.42853379249572754,0.75,6.057921015040767
100.0,2.697327025809418,154.54545454545453,41.73867416381836,132.566650390625,12.486052513122559,0.1824716478586197,0.6884559988975525,0.34826818108558655,0.75,6.057921015040767
100.0,2.760793544063758,158.18181818181822,46.934326171875,165.7432861328125,12.579496383666992,0.1593354195356369,0.6982871890068054,0.30631551146507263,0.75,6.057921015040767
100.0,2.824260062318097,161.81818181818184,44.19804000854492,139.0561981201172,12.650814056396484,0.1555938422679901,0.6949930787086487,0.2896069884300232,0.75,6.057921015040767
100.0,2.887726580572436,165.45454545454547,39.72660446166992,118.25526428222656,11.73602294921875,0.1509236842393875,0.6880865097045898,0.2749721109867096,0.75,6.057921015040767
100.0,2.951193098826776,169.09090909090912,36.442359924316406,95.77045440673828,11.173431396484375,0.14279471337795258,0.6777006387710571,0.2380206435918808,0.75,6.057921015040767
100.0,3.014659617081115,172.72727272727275,35.05230712890625,162.59597778320312,11.429756164550781,0.13961397111415863,0.6888972520828247,0.2553677558898926,0.75,6.057921015040767
100.0,3.078126135335454,176.36363636363637,33.98996353149414,105.1015625,11.40112018585205,0.15962354838848114,0.6867274641990662,0.27913492918014526,0.75,6.057921015040767
100.0,3.141592653589793,180.0,30.38383674621582,68.98653411865234,10.736021041870117,0.16434529423713684,0.7029217481613159,0.3517588973045349,0.75,6.057921015040767
1000.0,-3.141592653589793,-180.0,22.38323974609375,65.32425689697266,10.490202903747559,0.15905344486236572,0.7082977890968323,0.3301389217376709,1.0,8.39931720572018
1000.0,-3.0781261353354537,-176.36363636363635,21.72028923034668,68.82261657714844,10.476428985595703,0.19105029106140137,0.6967625021934509,0.38924598693847656,1.0,8.39931720572018
1000.0,-3.0146596170811146,-172.72727272727272,19.91325569152832,39.719207763671875,10.49011516571045,0.1944151669740677,0.695957362651825,0.4017484784126282,1.0,8.39931720572018
1000.0,-2.951193098826775,-169.0909090909091,19.83978843688965,47.10852813720703,10.466093063354492,0.20856161415576935,0.6977843642234802,0.41444164514541626,1.0,8.39931720572018
1000.0,-2.887726580572436,-165.45454545454547,19.637889862060547,41.6793212890625,10.337703704833984,0.2250664085149765,0.6878805160522461,0.4253116548061371,1.0,8.39931720572018
1000.0,-2.8242600623180967,-161.8181818181818,18.729639053344727,33.84288024902344,10.629777908325195,0.24464887380599976,0.6833189129829407,0.4319579601287842,1.0,8.39931720572018
1000.0,-2.7607935440637577,-158.1818181818182,18.70725440979004,39.249080657958984,10.866551399230957,0.268972247838974,0.6787140965461731,0.48037245869636536,1.0,8.39931720572018
1000.0,-2.697327025809418,-154.54545454545453,18.477426528930664,28.8471622467041,11.318363189697266,0.2587289810180664,0.6763370633125305,0.48086869716644287,1.0,8.39931720572018
1000.0,-2.633860507555079,-150.9090909090909,19.961462020874023,33.37379837036133,11.579896926879883,0.24270039796829224,0.6798297166824341,0.4513135850429535,1.0,8.39931720572018
1000.0,-2.5703939893007397,-147.27272727272725,20.112520217895508,35.335052490234375,11.745260238647461,0.2287951558828354,0.6815856695175171,0.4124024212360382,1.0,8.39931720572018
1000.0,-2.5069274710464007,-143.63636363636365,22.00525665283203,59.71028518676758,11.659788131713867,0.20059482753276825,0.6864901781082153,0.37625211477279663,1.0,8.39931720572018
1000.0,-2.443460952792061,-140.0,23.653841018676758,60.037288665771484,12.219552993774414,0.17414836585521698,0.6865388751029968,0.33616670966148376,1.0,8.39931720572018
1000.0,-2.379994434537722,-136.36363636363637,24.977153778076172,42.19383239746094,13.514165878295898,0.1624344140291214,0.690385103225708,0.3284209072589874,1.0,8.39931720572018
1000.0,-2.3165279162833827,-132.72727272727272,27.309326171875,54.426612854003906,14.008607864379883,0.1447310596704483,0.6940611600875854,0.2902829945087433,1.0,8.39931720572018
1000.0,-2.2530613980290433,-129.09090909090907,27.65434455871582,67.38992309570312,13.551508903503418,0.11983655393123627,0.7023823857307434,0.2402932047843933,1.0,8.39931720572018
1000.0,-2.1895948797747042,-125.45454545454545,27.304218292236328,84.94757080078125,12.536942481994629,0.11146585643291473,0.7030738592147827,0.2243514060974121,1.0,8.39931720572018
1000.0,-2.126128361520365,-121.81818181818183,25.462383270263672,55.736045837402344,12.553182601928711,0.09702273458242416,0.709997296333313,0.18246206641197205,1.0,8.39931720572018
1000.0,-2.0626618432660258,-118.18181818181817,22.299442291259766,48.408329010009766,11.978045463562012,0.07485979795455933,0.7018980979919434,0.14166688919067383,1.0,8.39931720572018
1000.0,-1.9991953250116865,-114.54545454545455,19.088563919067383,29.19347381591797,11.500222206115723,0.06498845666646957,0.7051409482955933,0.115000419318676,1.0,8.39931720572018
1000.0,-1.9357288067573473,-110.9090909090909,18.605241775512695,31.820819854736328,11.098952293395996,0.052693579345941544,0.7159353494644165,0.10939978808164597,1.0,8.39931720572018
1000.0,-1.872262288503008,-107.27272727272727,19.702674865722656,43.32709503173828,10.955987930297852,0.06328631937503815,0.7131385207176208,0.10490430891513824,1.0,8.39931720572018
1000.0,-1.8087957702486688,-103.63636363636364,19.690061569213867,43.65204620361328,10.658411026000977,0.08404447883367538,0.7062980532646179,0.16872109472751617,1.0,8.39931720572018
1000.0,-1.7453292519943295,-100.0,19.044958114624023,36.463905334472656,10.649686813354492,0.0986795723438263,0.6992140412330627,0.20735108852386475,1.0,8.39931720572018
1000.0,-1.6818627337399903,-96.36363636363636,19.190975189208984,37.147064208984375,10.845550537109375,0.11028856784105301,0.7023801207542419,0.22222870588302612,1.0,8.39931720572018
1000.0,-1.6183962154856508,-92.72727272727272,19.88243293762207,33.88477325439453,11.1730375289917,0.1379096508026123,0.6953791975975037,0.259162962436676,1.0,8.39931720572018
1000.0,-1.5549296972313116,-89.09090909090908,22.509374618530273,122.10413360595703,11.62238883972168,0.15956243872642517,0.6937721371650696,0.301634818315506,1.0,8.39931720572018
1000.0,-1.4914631789769723,-85.45454545454544,19.66324234008789,31.51773452758789,11.617657661437988,0.14362704753875732,0.6915920376777649,0.28607863187789917,1.0,8.39931720572018
1000.0,-1.427996660722633,-81.81818181818181,19.18630599975586,36.563602447509766,11.540595054626465,0.14998582005500793,0.6994678378105164,0.2917132079601288,1.0,8.39931720572018
1000.0,-1.3645301424682938,-78.18181818181817,18.74523162841797,27.648021697998047,11.507346153259277,0.10272198915481567,0.7106388211250305,0.2062484622001648,1.0,8.39931720572018
1000.0,-1.3010636242139546,-74.54545454545453,19.108869552612305,27.85976219177246,11.640646934509277,0.07330810278654099,0.7195320725440979,0.1476476788520813,1.0,8.39931720572018
1000.0,-1.2375971059596154,-70.9090909090909,18.6886043548584,27.759246826171875,11.646026611328125,0.09673680365085602,0.7120961546897888,0.17371757328510284,1.0,8.39931720572018
1000.0,-1.1741305877052761,-67.27272727272727,17.776775360107422,31.640840530395508,10.923346519470215,0.08968798816204071,0.7039624452590942,0.17751608788967133,1.0,8.39931720572018
1000.0,-1.1106640694509369,-63.63636363636363,17.651229858398438,29.265430450439453,10.371191024780273,0.08105096966028214,0.7036231160163879,0.17249169945716858,1.0,8.39931720572018
1000.0,-1.0471975511965974,-59.999999999999986,19.80085563659668,41.625789642333984,10.457992553710938,0.08682366460561752,0.6903007626533508,0.16103696823120117,1.0,8.39931720572018
1000.0,-0.9837310329422584,-56.36363636363636,19.687402725219727,38.80236053466797,10.83635139465332,0.0865398570895195,0.7050420045852661,0.1847008317708969,1.0,8.39931720572018
1000.0,-0.9202645146879189,-52.72727272727271,20.153076171875,38.224639892578125,10.722131729125977,0.08058939129114151,0.7098358869552612,0.1810234934091568,1.0,8.39931720572018
1000.0,-0.8567979964335799,-49.090909090909086,20.208629608154297,61.967281341552734,10.584317207336426,0.10613160580396652,0.702466607093811,0.21067558228969574,1.0,8.39931720572018
1000.0,-0.7933314781792404,-45.45454545454544,18.903947830200195,34.404884338378906,10.283958435058594,0.1182132214307785,0.7071988582611084,0.2521943151950836,1.0,8.39931720572018
1000.0,-0.7298649599249014,-41.81818181818182,17.525667190551758,28.33773422241211,9.864953994750977,0.11766552925109863,0.707822859287262,0.25470373034477234,1.0,8.39931720572018
1000.0,-0.666398441670562,-38.181818181818166,17.41292381286621,31.994321823120117,9.857943534851074,0.11808156967163086,0.7103416919708252,0.23187290132045746,1.0,8.39931720572018
1000.0,-0.6029319234162229,-34.54545454545455,18.369712829589844,29.160308837890625,10.898755073547363,0.13420991599559784,0.7040384411811829,0.2731959819793701,1.0,8.39931720572018
1000.0,-0.5394654051618835,-30.909090909090896,19.499549865722656,38.731101989746094,11.474900245666504,0.142228364944458,0.7124597430229187,0.2643837034702301,1.0,8.39931720572018
1000.0,-0.47599888690754444,-27.272727272727273,20.137910842895508,41.56544876098633,11.677532196044922,0.1561684012413025,0.7111495733261108,0.31359824538230896,1.0,8.39931720572018
1000.0,-0.412532368653205,-23.636363636363626,20.674442291259766,32.3820686340332,11.995353698730469,0.17682607471942902,0.7055793404579163,0.36419931054115295,1.0,8.39931720572018
1000.0,-0.34906585039886595,-20.000000000000004,21.5284423828125,37.911041259765625,12.351420402526855,0.19517415761947632,0.6997011303901672,0.37443721294403076,1.0,8.39931720572018
1000.0,-0.2855993321445265,-16.363636363636353,20.86551284790039,36.15095520019531,12.067285537719727,0.22033372521400452,0.6849149465560913,0.4200703501701355,1.0,8.39931720572018
1000.0,-0.22213281389018746,-12.727272727272732,22.000499725341797,42.17942810058594,12.005926132202148,0.23030175268650055,0.6769871115684509,0.4244857430458069,1.0,8.39931720572018
1000.0,-0.158666295635848,-9.090909090909083,23.652725219726562,47.43754196166992,12.488481521606445,0.23955215513706207,0.6687178015708923,0.4238656461238861,1.0,8.39931720572018
1000.0,-0.09519977738150853,-5.454545454545435,24.471668243408203,51.13251495361328,12.748610496520996,0.25406044721603394,0.6714978814125061,0.4524887502193451,1.0,8.39931720572018
1000.0,-0.03173325912716951,-1.8181818181818115,26.043851852416992,84.82102966308594,13.223424911499023,0.2603662312030792,0.6750814914703369,0.4639715552330017,1.0,8.39931720572018
1000.0,0.031733259127169955,1.818181818181837,25.191085815429688,49.09843444824219,13.150333404541016,0.23900450766086578,0.6723065376281738,0.43277186155319214,1.0,8.39931720572018
1000.0,0.09519977738150898,5.45454545454546,25.479341506958008,49.36764144897461,13.0910062789917,0.23543405532836914,0.6772478818893433,0.42190757393836975,1.0,8.39931720572018
1000.0,0.15866629563584844,9.090909090909108,25.639057159423828,53.946285247802734,13.203072547912598,0.2388674020767212,0.6744347214698792,0.4299417734146118,1.0,8.39931720572018
1000.0,0.22213281389018746,12.727272727272732,26.955720901489258,67.40762329101562,13.129841804504395,0.24109208583831787,0.679480791091919,0.4283497631549835,1.0,8.39931720572018
1000.0,0.28559933214452693,16.36363636363638,26.673999786376953,57.35905075073242,13.388008117675781,0.2290658801794052,0.6776067018508911,0.414360910654068,1.0,8.39931720572018
1000.0,0.34906585039886595,20.000000000000004,27.711788177490234,77.95713806152344,13.322340965270996,0.21037815511226654,0.6892955899238586,0.38982686400413513,1.0,8.39931720572018
1000.0,0.4125323686532054,23.63636363636365,28.294145584106445,78.3613052368164,13.715309143066406,0.19970516860485077,0.6914474964141846,0.38885045051574707,1.0,8.39931720572018
1000.0,0.47599888690754444,27.272727272727273,28.746490478515625,66.54533386230469,13.245159149169922,0.15519627928733826,0.7091482281684875,0.32749226689338684,1.0,8.39931720572018
1000.0,0.5394654051618839,30.909090909090924,28.173633575439453,84.30043029785156,12.396994590759277,0.08989405632019043,0.7173973321914673,0.20025348663330078,1.0,8.39931720572018
1000.0,0.6029319234162229,34.54545454545455,28.09197998046875,110.49789428710938,11.718600273132324,0.06167184188961983,0.7194308042526245,0.15145732462406158,1.0,8.39931720572018
1000.0,0.6663984416705624,38.181818181818194,28.20199966430664,151.0055694580078,11.469472885131836,0.06271862983703613,0.7191721200942993,0.14769113063812256,1.0,8.39931720572018
1000.0,0.7298649599249014,41.81818181818182,26.68431282043457,77.00838470458984,11.867972373962402,0.08511650562286377,0.7115030288696289,0.17667046189308167,1.0,8.39931720572018
1000.0,0.7933314781792409,45.45454545454547,26.11566925048828,65.83870697021484,11.952658653259277,0.0885864719748497,0.6909875273704529,0.15913662314414978,1.0,8.39931720572018
1000.0,0.8567979964335799,49.090909090909086,24.70682716369629,51.92131042480469,11.621217727661133,0.09480992704629898,0.6893360018730164,0.16470535099506378,1.0,8.39931720572018
1000.0,0.9202645146879194,52.727272727272734,23.007104873657227,45.46384048461914,11.541717529296875,0.08958223462104797,0.687669038772583,0.1608109474182129,1.0,8.39931720572018
1000.0,0.9837310329422584,56.36363636363636,24.27018928527832,71.85945129394531,11.386054992675781,0.1257975995540619,0.6939738392829895,0.24585965275764465,1.0,8.39931720572018
1000.0,1.0471975511965983,60.000000000000036,23.836246490478516,104.00943756103516,11.449630737304688,0.15713080763816833,0.6932952404022217,0.2973213493824005,1.0,8.39931720572018
1000.0,1.1106640694509373,63.636363636363654,22.967071533203125,78.86620330810547,10.97587776184082,0.17746327817440033,0.6890953779220581,0.35561415553092957,1.0,8.39931720572018
1000.0,1.1741305877052763,67.27272727272728,24.456058502197266,105.32977294921875,11.04934024810791,0.17655864357948303,0.6986894011497498,0.38004928827285767,1.0,8.39931720572018
1000.0,1.2375971059596154,70.9090909090909,24.021793365478516,81.85939025878906,11.10654067993164,0.17124687135219574,0.7006745934486389,0.3614220917224884,1.0,8.39931720572018
1000.0,1.3010636242139553,74.54545454545458,22.802289962768555,63.06223678588867,11.144569396972656,0.17389626801013947,0.6989360451698303,0.34847724437713623,1.0,8.39931720572018
1000.0,1.3645301424682943,78.1818181818182,20.272628784179688,36.472633361816406,10.817296028137207,0.17179954051971436,0.6996912956237793,0.35243988037109375,1.0,8.39931720572018
1000.0,1.4279966607226333,81.81818181818183,19.017471313476562,32.12132263183594,10.619946479797363,0.20898166298866272,0.6892135143280029,0.3733486533164978,1.0,8.39931720572018
1000.0,1.4914631789769723,85.45454545454544,18.390188217163086,34.625465393066406,10.122518539428711,0.20506466925144196,0.6891909837722778,0.3769152760505676,1.0,8.39931720572018
1000.0,1.5549296972313122,89.09090909090912,18.6160831451416,35.22603988647461,10.298696517944336,0.17137864232063293,0.6929476857185364,0.34568285942077637,1.0,8.39931720572018
1000.0,1.6183962154856513,92.72727272727275,19.039020538330078,59.37770462036133,10.477546691894531,0.14662398397922516,0.7071990966796875,0.31227320432662964,1.0,8.39931720572018
1000.0,1.6818627337399903,96.36363636363636,18.580686569213867,29.831649780273438,11.152359008789062,0.13949625194072723,0.7135974168777466,0.31220707297325134,1.0,8.39931720572018
1000.0,1.7453292519943293,99.99999999999999,18.75889015197754,37.25537109375,10.996694564819336,0.13354404270648956,0.7111882567405701,0.29062211513519287,1.0,8.39931720572018
1000.0,1.8087957702486692,103.63636363636367,19.137008666992188,42.944496154785156,11.098438262939453,0.16832317411899567,0.6946651935577393,0.3416905403137207,1.0,8.39931720572018
1000.0,1.8722622885030082,107.27272727272728,19.254709243774414,38.029972076416016,10.989665985107422,0.16353963315486908,0.6990929245948792,0.325796902179718,1.0,8.39931720572018
1000.0,1.9357288067573473,110.9090909090909,18.27109718322754,35.648311614990234,10.334437370300293,0.12780322134494781,0.71205073595047,0.2535647749900818,1.0,8.39931720572018
1000.0,1.9991953250116872,114.54545454545458,16.11119842529297,30.994524002075195,9.858855247497559,0.10825882107019424,0.7046093344688416,0.21922343969345093,1.0,8.39931720572018
1000.0,2.062661843266026,118.1818181818182,15.284441947937012,29.38936996459961,9.675009727478027,0.08868920803070068,0.7011293768882751,0.1703021377325058,1.0,8.39931720572018
1000.0,2.126128361520365,121.81818181818183,16.711326599121094,79.32164001464844,8.908669471740723,0.07135681807994843,0.7025845646858215,0.12985433638095856,1.0,8.39931720572018
1000.0,2.1895948797747042,125.45454545454545,16.977561950683594,69.09716033935547,8.898445129394531,0.05419773608446121,0.7067068815231323,0.10694251954555511,1.0,8.39931720572018
1000.0,2.253061398029044,129.09090909090912,17.42188835144043,55.12565612792969,8.794678688049316,0.05603707209229469,0.7140995860099792,0.09086909890174866,1.0,8.39931720572018
1000.0,2.316527916283383,132.72727272727275,16.882036209106445,44.2296142578125,8.598155975341797,0.07710660994052887,0.7080873847007751,0.1303618848323822,1.0,8.39931720572018
1000.0,2.379994434537722,136.36363636363637,15.60203742980957,29.870058059692383,8.462705612182617,0.08841438591480255,0.705948531627655,0.18291763961315155,1.0,8.39931720572018
1000.0,2.443460952792061,140.0,15.163816452026367,25.586864471435547,8.182411193847656,0.09609848260879517,0.7003841996192932,0.18230316042900085,1.0,8.39931720572018
1000.0,2.506927471046401,143.63636363636365,15.648497581481934,37.20597457885742,8.080527305603027,0.09319955855607986,0.6958592534065247,0.17660218477249146,1.0,8.39931720572018
1000.0,2.57039398930074,147.27272727272728,16.144105911254883,48.07577896118164,8.062479972839355,0.11415248364210129,0.6883938312530518,0.20700524747371674,1.0,8.39931720572018
1000.0,2.633860507555079,150.9090909090909,16.514877319335938,37.9234619140625,8.32784366607666,0.13194003701210022,0.6861070394515991,0.2339676320552826,1.0,8.39931720572018
1000.0,2.697327025809418,154.54545454545453,18.443092346191406,53.4935302734375,8.949138641357422,0.12866725027561188,0.6865385174751282,0.227695032954216,1.0,8.39931720572018
1000.0,2.760793544063758,158.18181818181822,20.187149047851562,84.45126342773438,9.235565185546875,0.12663628160953522,0.6862784624099731,0.23045414686203003,1.0,8.39931720572018
1000.0,2.824260062318097,161.81818181818184,20.128570556640625,57.525081634521484,9.914667129516602,0.13115327060222626,0.68940269947052,0.2615349590778351,1.0,8.39931720572018
1000.0,2.887726580572436,165.45454545454547,20.465850830078125,41.80028533935547,10.250656127929688,0.08787626773118973,0.6959378123283386,0.1726512312889099,1.0,8.39931720572018
1000.0,2.951193098826776,169.09090909090912,20.048662185668945,36.81344985961914,10.455334663391113,0.10434874892234802,0.702259361743927,0.20909544825553894,1.0,8.39931720572018
1000.0,3.014659617081115,172.72727272727275,21.716087341308594,66.08515930175781,10.588308334350586,0.14369292557239532,0.6993277072906494,0.27090466022491455,1.0,8.39931720572018
1000.0,3.078126135335454,176.36363636363637,21.843379974365234,56.5728874206543,10.537428855895996,0.1602180153131485,0.7002824544906616,0.32236969470977783,1.0,8.39931720572018
1000.0,3.141592653589793,180.0,22.38323974609375,65.32425689697266,10.490202903747559,0.15905344486236572,0.7082977890968323,0.3301389217376709,1.0,8.39931720572018
10000.0,-3.141592653589793,-180.0,7.768881320953369,14.717521667480469,3.876587390899658,0.05198942497372627,0.7016262412071228,0.1166350245475769,0.438,1.8274832220557835
10000.0,-3.0781261353354537,-176.36363636363635,7.73417854309082,14.318735122680664,3.8634133338928223,0.04643348976969719,0.7040079832077026,0.10409180819988251,0.438,1.8274832220557835
10000.0,-3.0146596170811146,-172.72727272727272,7.452954292297363,13.139692306518555,3.817002773284912,0.039612144231796265,0.7021027207374573,0.10147041082382202,0.438,1.8274832220557835
10000.0,-2.951193098826775,-169.0909090909091,7.931432247161865,68.79802703857422,3.8437821865081787,0.031097758561372757,0.7065826654434204,0.06515482068061829,0.438,1.8274832220557835
10000.0,-2.887726580572436,-165.45454545454547,8.098315238952637,68.84455108642578,3.8309836387634277,0.028212716802954674,0.7069765329360962,0.06220114231109619,0.438,1.8274832220557835
10000.0,-2.8242600623180967,-161.8181818181818,7.841556072235107,19.156396865844727,3.9062530994415283,0.021006539463996887,0.7037389874458313,0.05457582324743271,0.438,1.8274832220557835
10000.0,-2.7607935440637577,-158.1818181818182,7.972524166107178,18.501192092895508,4.027909278869629,0.02150573581457138,0.7090072631835938,0.060998670756816864,0.438,1.8274832220557835
10000.0,-2.697327025809418,-154.54545454545453,7.703144073486328,17.131105422973633,4.090096473693848,0.042673274874687195,0.7141823768615723,0.11133155226707458,0.438,1.8274832220557835
10000.0,-2.633860507555079,-150.9090909090909,7.567169666290283,18.249835968017578,3.8948068618774414,0.04377107694745064,0.7232310175895691,0.09171026200056076,0.438,1.8274832220557835
10000.0,-2.5703939893007397,-147.27272727272725,7.827237129211426,18.700363159179688,3.78800106048584,0.053777944296598434,0.7217482924461365,0.12543514370918274,0.438,1.8274832220557835
10000.0,-2.5069274710464007,-143.63636363636365,7.9322333335876465,19.345346450805664,3.7201695442199707,0.04679492861032486,0.72319495677948,0.09871800988912582,0.438,1.8274832220557835
10000.0,-2.443460952792061,-140.0,7.274445533752441,16.803232192993164,3.754070997238159,0.020444681867957115,0.7209812998771667,0.05986791104078293,0.438,1.8274832220557835
10000.0,-2.379994434537722,-136.36363636363637,6.888350486755371,13.422384262084961,3.8827145099639893,-0.010144787840545177,0.7251926064491272,-0.014964881353080273,0.438,1.8274832220557835
10000.0,-2.3165279162833827,-132.72727272727272,6.657964706420898,11.164925575256348,4.013278007507324,-0.011294657364487648,0.7278645634651184,-0.003551583969965577,0.438,1.8274832220557835
10000.0,-2.2530613980290433,-129.09090909090907,6.504662036895752,10.290159225463867,3.984194278717041,0.017234325408935547,0.7372313737869263,0.06423227488994598,0.438,1.8274832220557835
10000.0,-2.1895948797747042,-125.45454545454545,6.407857418060303,11.176224708557129,3.794097900390625,0.03539418429136276,0.738594651222229,0.10814929008483887,0.438,1.8274832220557835
10000.0,-2.126128361520365,-121.81818181818183,6.058096885681152,10.760848045349121,3.610483407974243,0.05387447029352188,0.7310442924499512,0.1308213174343109,0.438,1.8274832220557835
10000.0,-2.0626618432660258,-118.18181818181817,6.127217769622803,15.931726455688477,3.6823902130126953,0.0482972152531147,0.7324364185333252,0.1355138123035431,0.438,1.8274832220557835
10000.0,-1.9991953250116865,-114.54545454545455,5.923458099365234,15.925641059875488,3.6617798805236816,0.04747818037867546,0.7351114153862,0.12190382182598114,0.438,1.8274832220557835
10000.0,-1.9357288067573473,-110.9090909090909,5.747328758239746,11.808588027954102,3.6520471572875977,0.0344686433672905,0.7391669154167175,0.07062123715877533,0.438,1.8274832220557835
10000.0,-1.872262288503008,-107.27272727272727,5.4558634757995605,9.579099655151367,3.5221118927001953,0.0476888045668602,0.739936888217926,0.09877568483352661,0.438,1.8274832220557835
10000.0,-1.8087957702486688,-103.63636363636364,5.24079704284668,8.098196029663086,3.507643699645996,0.057315926998853683,0.7334653735160828,0.13919110596179962,0.438,1.8274832220557835
10000.0,-1.7453292519943295,-100.0,5.275875568389893,7.210284233093262,3.485933780670166,0.056817010045051575,0.7307467460632324,0.11229899525642395,0.438,1.8274832220557835
10000.0,-1.6818627337399903,-96.36363636363636,5.339244842529297,7.2169036865234375,3.5765085220336914,0.06731872260570526,0.723092257976532,0.11201684176921844,0.438,1.8274832220557835
10000.0,-1.6183962154856508,-92.72727272727272,5.719959259033203,14.54211711883545,3.750875949859619,0.06061164662241936,0.7166629433631897,0.09523488581180573,0.438,1.8274832220557835
10000.0,-1.5549296972313116,-89.09090909090908,5.678572177886963,12.073264122009277,3.773715019226074,0.045493099838495255,0.7220906019210815,0.09729129821062088,0.438,1.8274832220557835
10000.0,-1.4914631789769723,-85.45454545454544,5.677533149719238,10.26959228515625,3.5926613807678223,0.05916957929730415,0.7269341945648193,0.1136011928319931,0.438,1.8274832220557835
10000.0,-1.427996660722633,-81.81818181818181,5.707032203674316,10.912506103515625,3.594482421875,0.07803382724523544,0.7190682291984558,0.16594375669956207,0.438,1.8274832220557835
10000.0,-1.3645301424682938,-78.18181818181817,5.7708740234375,10.211050033569336,3.445265769958496,0.1060807853937149,0.7214099168777466,0.24274389445781708,0.438,1.8274832220557835
10000.0,-1.3010636242139546,-74.54545454545453,6.303963661193848,11.902987480163574,3.4513895511627197,0.12435649335384369,0.7259166836738586,0.284517377614975,0.438,1.8274832220557835
10000.0,-1.2375971059596154,-70.9090909090909,6.273683547973633,15.024230003356934,3.37251615524292,0.1469143033027649,0.716360867023468,0.2965187430381775,0.438,1.8274832220557835
10000.0,-1.1741305877052761,-67.27272727272727,5.858504295349121,9.351076126098633,3.333839178085327,0.1479850858449936,0.7087103128433228,0.29913121461868286,0.438,1.8274832220557835
10000.0,-1.1106640694509369,-63.63636363636363,5.675540447235107,9.863182067871094,3.2482497692108154,0.14455774426460266,0.7078474760055542,0.29840993881225586,0.438,1.8274832220557835
10000.0,-1.0471975511965974,-59.999999999999986,5.3214826583862305,14.695780754089355,3.1852962970733643,0.11975007504224777,0.7145852446556091,0.26242753863334656,0.438,1.8274832220557835
10000.0,-0.9837310329422584,-56.36363636363636,5.2374958992004395,20.29460334777832,3.1027259826660156,0.11700081080198288,0.7167539000511169,0.27051079273223877,0.438,1.8274832220557835
10000.0,-0.9202645146879189,-52.72727272727271,4.620984077453613,8.210495948791504,3.0748887062072754,0.09721053391695023,0.717748761177063,0.20459090173244476,0.438,1.8274832220557835
10000.0,-0.8567979964335799,-49.090909090909086,4.49470329284668,7.19522762298584,3.014094352722168,0.06701088696718216,0.7204874753952026,0.13152450323104858,0.438,1.8274832220557835
10000.0,-0.7933314781792404,-45.45454545454544,4.529937267303467,7.908237934112549,2.968024253845215,0.049867235124111176,0.7199545502662659,0.08402292430400848,0.438,1.8274832220557835
10000.0,-0.7298649599249014,-41.81818181818182,4.645759582519531,7.819151878356934,2.929934024810791,0.05267294496297836,0.7154095768928528,0.11231695860624313,0.438,1.8274832220557835
10000.0,-0.666398441670562,-38.181818181818166,4.513241767883301,6.486970901489258,2.937443494796753,0.04906236752867699,0.7130001187324524,0.07901205867528915,0.438,1.8274832220557835
10000.0,-0.6029319234162229,-34.54545454545455,4.659249782562256,10.881038665771484,2.9770801067352295,0.053255751729011536,0.7116283774375916,0.09046004712581635,0.438,1.8274832220557835
10000.0,-0.5394654051618835,-30.909090909090896,4.575784683227539,5.658588886260986,3.0569467544555664,0.052658919245004654,0.7178776264190674,0.11700078099966049,0.438,1.8274832220557835
10000.0,-0.47599888690754444,-27.272727272727273,4.8502888679504395,8.446954727172852,3.1059300899505615,0.05147182196378708,0.7167307734489441,0.12283569574356079,0.438,1.8274832220557835
10000.0,-0.412532368653205,-23.636363636363626,5.114427089691162,7.663493633270264,3.2089505195617676,0.06934739649295807,0.7109507918357849,0.1334608793258667,0.438,1.8274832220557835
10000.0,-0.34906585039886595,-20.000000000000004,5.270081043243408,8.891460418701172,3.2232580184936523,0.07032650709152222,0.7204081416130066,0.1556580364704132,0.438,1.8274832220557835
10000.0,-0.2855993321445265,-16.363636363636353,5.152812480926514,8.394427299499512,3.1114554405212402,0.05910426378250122,0.7255285382270813,0.14169542491436005,0.438,1.8274832220557835
10000.0,-0.22213281389018746,-12.727272727272732,5.299210548400879,13.475240707397461,3.1514499187469482,0.038868498057127,0.7120092511177063,0.05710465461015701,0.438,1.8274832220557835
10000.0,-0.158666295635848,-9.090909090909083,5.174656391143799,8.88232707977295,3.1694347858428955,0.031166482716798782,0.7048666477203369,0.02888038568198681,0.438,1.8274832220557835
10000.0,-0.09519977738150853,-5.454545454545435,5.408850193023682,49.80107879638672,3.2358341217041016,0.04081925377249718,0.6821544766426086,0.05902508273720741,0.438,1.8274832220557835
10000.0,-0.03173325912716951,-1.8181818181818115,4.806718826293945,7.064493656158447,3.20810604095459,0.03598196431994438,0.6850997805595398,0.047324005514383316,0.438,1.8274832220557835
10000.0,0.031733259127169955,1.818181818181837,5.010762691497803,23.473356246948242,3.1032488346099854,0.04299352318048477,0.6914635300636292,0.07525672763586044,0.438,1.8274832220557835
10000.0,0.09519977738150898,5.45454545454546,5.285951137542725,18.558238983154297,3.0249361991882324,0.05008804425597191,0.6967289447784424,0.09736858308315277,0.438,1.8274832220557835
10000.0,0.15866629563584844,9.090909090909108,5.300746917724609,19.142091751098633,3.0897932052612305,0.053750548511743546,0.7065578699111938,0.11015656590461731,0.438,1.8274832220557835
10000.0,0.22213281389018746,12.727272727272732,5.331406593322754,20.224634170532227,3.137251853942871,0.05725228413939476,0.7056176662445068,0.10887600481510162,0.438,1.8274832220557835
10000.0,0.28559933214452693,16.36363636363638,4.906610012054443,8.04884147644043,3.082456588745117,0.03585788235068321,0.7013933062553406,0.06929254531860352,0.438,1.8274832220557835
10000.0,0.34906585039886595,20.000000000000004,4.994275093078613,8.556231498718262,3.0616533756256104,0.0730370432138443,0.7010566592216492,0.14762304723262787,0.438,1.8274832220557835
10000.0,0.4125323686532054,23.63636363636365,5.240906715393066,8.166770935058594,3.0832698345184326,0.11529441922903061,0.6940580010414124,0.24768011271953583,0.438,1.8274832220557835
10000.0,0.47599888690754444,27.272727272727273,5.720916748046875,16.531005859375,3.1309263706207275,0.1234070286154747,0.6914190053939819,0.23199495673179626,0.438,1.8274832220557835
10000.0,0.5394654051618839,30.909090909090924,5.670738697052002,11.043482780456543,3.0876688957214355,0.11983107030391693,0.6933252215385437,0.23236611485481262,0.438,1.8274832220557835
10000.0,0.6029319234162229,34.54545454545455,5.774568557739258,8.91580581665039,3.2431578636169434,0.08837039023637772,0.6938751339912415,0.18887726962566376,0.438,1.8274832220557835
10000.0,0.6663984416705624,38.181818181818194,6.222879886627197,10.107172966003418,3.2800185680389404,0.09470211714506149,0.7006201148033142,0.19419445097446442,0.438,1.8274832220557835
10000.0,0.7298649599249014,41.81818181818182,6.475985050201416,11.002504348754883,3.345451831817627,0.11509786546230316,0.7002706527709961,0.21947187185287476,0.438,1.8274832220557835
10000.0,0.7933314781792409,45.45454545454547,6.590996742248535,14.89244270324707,3.4090750217437744,0.11001565307378769,0.7027825713157654,0.21134933829307556,0.438,1.8274832220557835
10000.0,0.8567979964335799,49.090909090909086,6.5674824714660645,11.44251537322998,3.4801034927368164,0.1250619888305664,0.7031375169754028,0.2409573197364807,0.438,1.8274832220557835
10000.0,0.9202645146879194,52.727272727272734,6.583402156829834,12.780899047851562,3.4992446899414062,0.13122493028640747,0.7005411982536316,0.2852203845977783,0.438,1.8274832220557835
10000.0,0.9837310329422584,56.36363636363636,7.068750381469727,26.13227653503418,3.554079055786133,0.14854566752910614,0.692863941192627,0.28389912843704224,0.438,1.8274832220557835
10000.0,1.0471975511965983,60.000000000000036,6.924246788024902,12.09794807434082,3.773493528366089,0.1492132544517517,0.689225971698761,0.2812739610671997,0.438,1.8274832220557835
10000.0,1.1106640694509373,63.636363636363654,7.321829795837402,15.838127136230469,3.975734233856201,0.1567741185426712,0.692682683467865,0.288705050945282,0.438,1.8274832220557835
10000.0,1.1741305877052763,67.27272727272728,7.909490585327148,17.975475311279297,4.058628082275391,0.15117526054382324,0.7056633830070496,0.2916882038116455,0.438,1.8274832220557835
10000.0,1.2375971059596154,70.9090909090909,8.008777618408203,16.61772918701172,4.061828136444092,0.12954019010066986,0.7180922627449036,0.25275295972824097,0.438,1.8274832220557835
10000.0,1.3010636242139553,74.54545454545458,7.904389381408691,19.52767562866211,4.131333351135254,0.11159344762563705,0.712549090385437,0.20021478831768036,0.438,1.8274832220557835
10000.0,1.3645301424682943,78.1818181818182,7.743993759155273,21.264053344726562,4.019313335418701,0.08895289897918701,0.705928385257721,0.17376643419265747,0.438,1.8274832220557835
10000.0,1.4279966607226333,81.81818181818183,7.3228888511657715,13.673396110534668,3.965359926223755,0.07693033665418625,0.7026379704475403,0.14857761561870575,0.438,1.8274832220557835
10000.0,1.4914631789769723,85.45454545454544,7.074691295623779,11.956353187561035,3.859668254852295,0.09797926992177963,0.699095606803894,0.17287299036979675,0.438,1.8274832220557835
10000.0,1.5549296972313122,89.09090909090912,6.698063373565674,10.048173904418945,3.703598976135254,0.0876881331205368,0.6970826387405396,0.1417718380689621,0.438,1.8274832220557835
10000.0,1.6183962154856513,92.72727272727275,6.3462347984313965,8.80884838104248,3.6183598041534424,0.07232435792684555,0.6920230984687805,0.13546890020370483,0.438,1.8274832220557835
10000.0,1.6818627337399903,96.36363636363636,6.460399150848389,10.010315895080566,3.719667434692383,0.04908033087849617,0.6935935020446777,0.11216825246810913,0.438,1.8274832220557835
10000.0,1.7453292519943293,99.99999999999999,7.246880054473877,33.940189361572266,3.730377197265625,0.02429572306573391,0.7048431634902954,0.03953205794095993,0.438,1.8274832220557835
10000.0,1.8087957702486692,103.63636363636367,6.42636775970459,10.175057411193848,3.6887922286987305,0.020278574898838997,0.7079022526741028,0.010444525629281998,0.438,1.8274832220557835
10000.0,1.8722622885030082,107.27272727272728,6.371273040771484,10.687042236328125,3.6066982746124268,0.01845059171319008,0.6947363018989563,0.012394203804433346,0.438,1.8274832220557835
10000.0,1.9357288067573473,110.9090909090909,6.390631198883057,15.846304893493652,3.57208514213562,-0.0038359775207936764,0.7030364871025085,-0.00830170139670372,0.438,1.8274832220557835
10000.0,1.9991953250116872,114.54545454545458,6.133935451507568,9.141551971435547,3.5917882919311523,-0.02310624159872532,0.6975501179695129,-0.04307962954044342,0.438,1.8274832220557835
10000.0,2.062661843266026,118.1818181818182,6.286435604095459,10.71117115020752,3.57570481300354,-0.04075712710618973,0.6971733570098877,-0.08442400395870209,0.438,1.8274832220557835
10000.0,2.126128361520365,121.81818181818183,6.364307880401611,10.932049751281738,3.5339255332946777,-0.04613223299384117,0.7049713134765625,-0.10227969288825989,0.438,1.8274832220557835
10000.0,2.1895948797747042,125.45454545454545,6.5471038818359375,15.8326997756958,3.4161648750305176,-0.0240583885461092,0.7080851197242737,-0.06176120415329933,0.438,1.8274832220557835
10000.0,2.253061398029044,129.09090909090912,6.132068634033203,12.849015235900879,3.4031662940979004,-0.022963201627135277,0.699571430683136,-0.049418386071920395,0.438,1.8274832220557835
10000.0,2.316527916283383,132.72727272727275,5.906256198883057,9.424413681030273,3.503173351287842,-0.007344265468418598,0.7017115354537964,-0.023193903267383575,0.438,1.8274832220557835
10000.0,2.379994434537722,136.36363636363637,6.113846778869629,12.493654251098633,3.4627273082733154,-0.0032664667814970016,0.7141298651695251,-0.00026019720826298,0.438,1.8274832220557835
10000.0,2.443460952792061,140.0,6.1988091468811035,11.50595474243164,3.411672592163086,0.02576174959540367,0.7147256135940552,0.058528266847133636,0.438,1.8274832220557835
10000.0,2.506927471046401,143.63636363636365,6.192296028137207,11.45132827758789,3.403021812438965,0.03664754331111908,0.7178846001625061,0.09970098733901978,0.438,1.8274832220557835
10000.0,2.57039398930074,147.27272727272728,6.291024684906006,10.602701187133789,3.580159902572632,0.02440362609922886,0.7056494951248169,0.0479162335395813,0.438,1.8274832220557835
10000.0,2.633860507555079,150.9090909090909,6.137791156768799,11.09184455871582,3.604506731033325,0.0518074706196785,0.7045910358428955,0.09987372159957886,0.438,1.8274832220557835
10000.0,2.697327025809418,154.54545454545453,6.206250190734863,11.890549659729004,3.696124315261841,0.061362288892269135,0.712059497833252,0.13752877712249756,0.438,1.8274832220557835
10000.0,2.760793544063758,158.18181818181822,6.536136627197266,15.012831687927246,3.799478530883789,0.07834115624427795,0.7085393667221069,0.1797657012939453,0.438,1.8274832220557835
10000.0,2.824260062318097,161.81818181818184,6.726015567779541,15.63638687133789,3.840209484100342,0.09163486212491989,0.7053190469741821,0.20173144340515137,0.438,1.8274832220557835
10000.0,2.887726580572436,165.45454545454547,6.954841613769531,14.20849895477295,3.9028472900390625,0.11237125843763351,0.6927533745765686,0.24425595998764038,0.438,1.8274832220557835
10000.0,2.951193098826776,169.09090909090912,7.873095512390137,30.368507385253906,3.952474355697632,0.10317853093147278,0.6820710301399231,0.2173629105091095,0.438,1.8274832220557835
10000.0,3.014659617081115,172.72727272727275,8.2681884765625,30.976318359375,3.997133731842041,0.0860607773065567,0.6810519099235535,0.19586504995822906,0.438,1.8274832220557835
10000.0,3.078126135335454,176.36363636363637,7.73306131362915,23.978816986083984,3.882253646850586,0.05583364889025688,0.691763699054718,0.12517842650413513,0.438,1.8274832220557835
10000.0,3.141592653589793,180.0,7.768881320953369,14.717521667480469,3.876587390899658,0.05198942497372627,0.7016262412071228,0.1166350245475769,0.438,1.8274832220557835
100000.0,-3.141592653589793,-180.0,12.827776908874512,23.17731285095215,7.820688247680664,0.20843170583248138,0.6913337707519531,0.396481454372406,0.638,4.568959963113003
100000.0,-3.0781261353354537,-176.36363636363635,12.633519172668457,25.513471603393555,8.128080368041992,0.21591588854789734,0.6921858787536621,0.43551716208457947,0.638,4.568959963113003
100000.0,-3.0146596170811146,-172.72727272727272,12.383651733398438,22.087997436523438,8.365413665771484,0.20855380594730377,0.6948454976081848,0.43016770482063293,0.638,4.568959963113003
100000.0,-2.951193098826775,-169.0909090909091,12.737241744995117,31.89633560180664,8.324675559997559,0.21147993206977844,0.7005547285079956,0.43486833572387695,0.638,4.568959963113003
100000.0,-2.887726580572436,-165.45454545454547,12.635831832885742,18.524660110473633,8.101713180541992,0.21667632460594177,0.7046927213668823,0.4630410075187683,0.638,4.568959963113003
100000.0,-2.8242600623180967,-161.8181818181818,13.454262733459473,21.785661697387695,7.94537353515625,0.21416236460208893,0.7118507027626038,0.4732787609100342,0.638,4.568959963113003
100000.0,-2.7607935440637577,-158.1818181818182,12.207351684570312,16.704330444335938,7.723060607910156,0.2402382493019104,0.7074674367904663,0.5006143450737,0.638,4.568959963113003
100000.0,-2.697327025809418,-154.54545454545453,11.53711223602295,17.383703231811523,7.459536075592041,0.2206667959690094,0.7027008533477783,0.4216673672199249,0.638,4.568959963113003
100000.0,-2.633860507555079,-150.9090909090909,11.02247142791748,15.751273155212402,7.354763031005859,0.15560629963874817,0.7073658108711243,0.2977595925331116,0.638,4.568959963113003
100000.0,-2.5703939893007397,-147.27272727272725,10.156397819519043,12.778261184692383,6.959794044494629,0.13373328745365143,0.7041431665420532,0.2520555853843689,0.638,4.568959963113003
100000.0,-2.5069274710464007,-143.63636363636365,10.254992485046387,15.255873680114746,6.885054111480713,0.11708630621433258,0.7002869844436646,0.20629504323005676,0.638,4.568959963113003
100000.0,-2.443460952792061,-140.0,11.301348686218262,26.394399642944336,6.880666732788086,0.09795696288347244,0.7057377696037292,0.1654510498046875,0.638,4.568959963113003
100000.0,-2.379994434537722,-136.36363636363637,11.23393726348877,26.256437301635742,6.7257080078125,0.11311858892440796,0.7056349515914917,0.22547759115695953,0.638,4.568959963113003
100000.0,-2.3165279162833827,-132.72727272727272,10.582489967346191,18.964069366455078,6.668150901794434,0.11188910901546478,0.7082187533378601,0.22763410210609436,0.638,4.568959963113003
100000.0,-2.2530613980290433,-129.09090909090907,10.16331958770752,14.901508331298828,6.32337760925293,0.0756857693195343,0.7026535272598267,0.1705651581287384,0.638,4.568959963113003
100000.0,-2.1895948797747042,-125.45454545454545,9.124465942382812,11.620146751403809,5.946536540985107,0.1076156497001648,0.6794207096099854,0.18884152173995972,0.638,4.568959963113003
100000.0,-2.126128361520365,-121.81818181818183,8.917655944824219,13.236406326293945,5.68056583404541,0.14032408595085144,0.6738240718841553,0.2352418601512909,0.638,4.568959963113003
100000.0,-2.0626618432660258,-118.18181818181817,8.609135627746582,12.371786117553711,5.727975368499756,0.15589159727096558,0.6669132709503174,0.2798401117324829,0.638,4.568959963113003
100000.0,-1.9991953250116865,-114.54545454545455,7.667253017425537,10.339966773986816,5.167220115661621,0.1452866792678833,0.6754215955734253,0.2759547531604767,0.638,4.568959963113003
100000.0,-1.9357288067573473,-110.9090909090909,7.840478420257568,13.051104545593262,5.057307243347168,0.1221943199634552,0.68606036901474,0.24078872799873352,0.638,4.568959963113003
100000.0,-1.872262288503008,-107.27272727272727,7.694664478302002,12.843707084655762,4.931166648864746,0.06647443771362305,0.6981571316719055,0.1327628493309021,0.638,4.568959963113003
100000.0,-1.8087957702486688,-103.63636363636364,7.384400367736816,11.459678649902344,4.738531589508057,0.042310625314712524,0.6994230151176453,0.06742967665195465,0.638,4.568959963113003
100000.0,-1.7453292519943295,-100.0,7.306667327880859,13.514669418334961,4.611043930053711,-0.01943315379321575,0.6984037160873413,-0.020666033029556274,0.638,4.568959963113003
100000.0,-1.6818627337399903,-96.36363636363636,7.712393760681152,11.478781700134277,4.854460716247559,-0.07050890475511551,0.7210519909858704,-0.11563100665807724,0.638,4.568959963113003
100000.0,-1.6183962154856508,-92.72727272727272,7.89779806137085,15.021642684936523,4.82964563369751,-0.09143387526273727,0.7109944224357605,-0.19366388022899628,0.638,4.568959963113003
100000.0,-1.5549296972313116,-89.09090909090908,8.119213104248047,16.476728439331055,4.9386138916015625,-0.08649884164333344,0.7183929681777954,-0.1901935487985611,0.638,4.568959963113003
100000.0,-1.4914631789769723,-85.45454545454544,7.55592679977417,12.288907051086426,4.541984558105469,-0.06291712820529938,0.7204101085662842,-0.13454242050647736,0.638,4.568959963113003
100000.0,-1.427996660722633,-81.81818181818181,7.32438325881958,12.500887870788574,4.712629318237305,-0.05309244617819786,0.7184164524078369,-0.11163589358329773,0.638,4.568959963113003
100000.0,-1.3645301424682938,-78.18181818181817,7.353464603424072,11.667274475097656,4.689190864562988,-0.03047752194106579,0.7280175089836121,-0.0635327473282814,0.638,4.568959963113003
100000.0,-1.3010636242139546,-74.54545454545453,7.9141082763671875,15.145472526550293,5.011314868927002,-0.0010480530327185988,0.7274397015571594,0.0033561578020453453,0.638,4.568959963113003
100000.0,-1.2375971059596154,-70.9090909090909,8.356559753417969,38.14207458496094,5.125067710876465,0.05881104618310928,0.7284088730812073,0.13140836358070374,0.638,4.568959963113003
100000.0,-1.1741305877052761,-67.27272727272727,8.52235221862793,14.262001991271973,5.222776889801025,0.09611966460943222,0.7220264077186584,0.22416414320468903,0.638,4.568959963113003
100000.0,-1.1106640694509369,-63.63636363636363,8.510820388793945,14.331494331359863,5.239642143249512,0.12248081713914871,0.711635947227478,0.26350170373916626,0.638,4.568959963113003
100000.0,-1.0471975511965974,-59.999999999999986,9.014335632324219,17.969205856323242,5.644731044769287,0.127145916223526,0.7074275016784668,0.26694726943969727,0.638,4.568959963113003
100000.0,-0.9837310329422584,-56.36363636363636,9.224995613098145,21.562517166137695,5.817627906799316,0.1238265112042427,0.7059080004692078,0.2491244673728943,0.638,4.568959963113003
100000.0,-0.9202645146879189,-52.72727272727271,9.909786224365234,22.978410720825195,6.053399085998535,0.11995025724172592,0.710409939289093,0.23096567392349243,0.638,4.568959963113003
100000.0,-0.8567979964335799,-49.090909090909086,10.285860061645508,16.22523307800293,6.124218940734863,0.13758032023906708,0.699894368648529,0.24076445400714874,0.638,4.568959963113003
100000.0,-0.7933314781792404,-45.45454545454544,11.068251609802246,22.422269821166992,6.408856391906738,0.1510898619890213,0.689205527305603,0.2682032585144043,0.638,4.568959963113003
100000.0,-0.7298649599249014,-41.81818181818182,11.271358489990234,23.69576644897461,6.240436553955078,0.1501297801733017,0.6839737892150879,0.26487696170806885,0.638,4.568959963113003
100000.0,-0.666398441670562,-38.181818181818166,10.305519104003906,18.083269119262695,6.039680480957031,0.17210805416107178,0.687973141670227,0.3125292658805847,0.638,4.568959963113003
100000.0,-0.6029319234162229,-34.54545454545455,9.062267303466797,13.151898384094238,5.7039642333984375,0.18205244839191437,0.687782883644104,0.3510270416736603,0.638,4.568959963113003
100000.0,-0.5394654051618835,-30.909090909090896,8.742329597473145,15.002507209777832,5.643772125244141,0.18940000236034393,0.6865995526313782,0.36110085248947144,0.638,4.568959963113003
100000.0,-0.47599888690754444,-27.272727272727273,8.637896537780762,12.7106294631958,5.767189979553223,0.190370574593544,0.6907529830932617,0.36883315443992615,0.638,4.568959963113003
100000.0,-0.412532368653205,-23.636363636363626,8.88685417175293,13.227887153625488,5.9642252922058105,0.1794218122959137,0.6915852427482605,0.34279561042785645,0.638,4.568959963113003
100000.0,-0.34906585039886595,-20.000000000000004,9.624119758605957,15.835282325744629,6.110576629638672,0.1818135678768158,0.6974785923957825,0.36595621705055237,0.638,4.568959963113003
100000.0,-0.2855993321445265,-16.363636363636353,10.156805038452148,14.96938419342041,6.198575496673584,0.19818362593650818,0.6975927948951721,0.3989811837673187,0.638,4.568959963113003
100000.0,-0.22213281389018746,-12.727272727272732,11.008912086486816,22.027360916137695,6.293755531311035,0.19744038581848145,0.6974130868911743,0.3753608167171478,0.638,4.568959963113003
100000.0,-0.158666295635848,-9.090909090909083,11.272740364074707,22.094730377197266,6.201733112335205,0.18304342031478882,0.6932514309883118,0.3263706564903259,0.638,4.568959963113003
100000.0,-0.09519977738150853,-5.454545454545435,11.08310604095459,23.523971557617188,6.316417217254639,0.16614563763141632,0.6986504793167114,0.30830949544906616,0.638,4.568959963113003
100000.0,-0.03173325912716951,-1.8181818181818115,10.990676879882812,17.93397331237793,6.3001885414123535,0.2000027298927307,0.6913295388221741,0.3632392883300781,0.638,4.568959963113003
100000.0,0.031733259127169955,1.818181818181837,11.858427047729492,28.358606338500977,6.2324538230896,0.2075616419315338,0.6842421889305115,0.39367222785949707,0.638,4.568959963113003
100000.0,0.09519977738150898,5.45454545454546,11.751429557800293,26.255138397216797,6.191102504730225,0.20635809004306793,0.6716513633728027,0.3616282641887665,0.638,4.568959963113003
100000.0,0.15866629563584844,9.090909090909108,12.362792015075684,33.05258560180664,6.104835510253906,0.22624772787094116,0.6745215654373169,0.4009227454662323,0.638,4.568959963113003
100000.0,0.22213281389018746,12.727272727272732,12.229170799255371,34.53080749511719,6.256925106048584,0.1998216211795807,0.6848732829093933,0.3819454610347748,0.638,4.568959963113003
100000.0,0.28559933214452693,16.36363636363638,12.130586624145508,25.128944396972656,6.53635311126709,0.17310605943202972,0.6904332637786865,0.35347387194633484,0.638,4.568959963113003
100000.0,0.34906585039886595,20.000000000000004,12.001899719238281,22.88068962097168,6.517444610595703,0.16331130266189575,0.6956779956817627,0.3183412551879883,0.638,4.568959963113003
100000.0,0.4125323686532054,23.63636363636365,11.577070236206055,24.267061233520508,6.319538593292236,0.18307705223560333,0.6791810393333435,0.3252295255661011,0.638,4.568959963113003
100000.0,0.47599888690754444,27.272727272727273,13.014779090881348,66.11407470703125,6.302065849304199,0.18294896185398102,0.6807131171226501,0.3308258056640625,0.638,4.568959963113003
100000.0,0.5394654051618839,30.909090909090924,10.809274673461914,16.746902465820312,6.276102066040039,0.157721608877182,0.6835088133811951,0.3201275169849396,0.638,4.568959963113003
100000.0,0.6029319234162229,34.54545454545455,9.893956184387207,16.785451889038086,6.137104511260986,0.1403692662715912,0.6884188652038574,0.2989733815193176,0.638,4.568959963113003
100000.0,0.6663984416705624,38.181818181818194,9.586084365844727,13.617178916931152,6.30743408203125,0.09230299293994904,0.7048185467720032,0.20889770984649658,0.638,4.568959963113003
100000.0,0.7298649599249014,41.81818181818182,9.983960151672363,13.853720664978027,6.513482570648193,0.06714977324008942,0.7129229307174683,0.15360592305660248,0.638,4.568959963113003
100000.0,0.7933314781792409,45.45454545454547,9.752616882324219,12.790584564208984,6.428882598876953,0.0916629210114479,0.7046518921852112,0.2082582712173462,0.638,4.568959963113003
100000.0,0.8567979964335799,49.090909090909086,10.10651683807373,15.926689147949219,6.2856950759887695,0.1047971323132515,0.6954183578491211,0.19134637713432312,0.638,4.568959963113003
100000.0,0.9202645146879194,52.727272727272734,10.556943893432617,18.124963760375977,6.369075298309326,0.10544964671134949,0.7137119770050049,0.25392383337020874,0.638,4.568959963113003
100000.0,0.9837310329422584,56.36363636363636,10.63211441040039,19.998046875,6.473973751068115,0.08565584570169449,0.717971682548523,0.23151706159114838,0.638,4.568959963113003
100000.0,1.0471975511965983,60.000000000000036,10.515196800231934,26.92374610900879,6.528227806091309,0.09435012936592102,0.7144368290901184,0.2103404402732849,0.638,4.568959963113003
100000.0,1.1106640694509373,63.636363636363654,10.398530960083008,17.472915649414062,6.559834957122803,0.11928130686283112,0.7152447700500488,0.2317921221256256,0.638,4.568959963113003
100000.0,1.1741305877052763,67.27272727272728,11.002695083618164,20.83030891418457,6.511270523071289,0.12077461183071136,0.7156762480735779,0.2728397846221924,0.638,4.568959963113003
100000.0,1.2375971059596154,70.9090909090909,11.265402793884277,16.279420852661133,6.59349250793457,0.13668841123580933,0.7071268558502197,0.2991756796836853,0.638,4.568959963113003
100000.0,1.3010636242139553,74.54545454545458,11.482791900634766,18.05536651611328,6.843724250793457,0.15162432193756104,0.7058030366897583,0.30862534046173096,0.638,4.568959963113003
100000.0,1.3645301424682943,78.1818181818182,10.96633529663086,16.19220733642578,6.595477104187012,0.15708816051483154,0.705773651599884,0.3166656196117401,0.638,4.568959963113003
100000.0,1.4279966607226333,81.81818181818183,10.36606502532959,17.256229400634766,6.0088324546813965,0.15951138734817505,0.689723789691925,0.33471351861953735,0.638,4.568959963113003
100000.0,1.4914631789769723,85.45454545454544,10.084787368774414,16.473857879638672,5.951515197753906,0.146969735622406,0.6874293684959412,0.2997286319732666,0.638,4.568959963113003
100000.0,1.5549296972313122,89.09090909090912,10.30266284942627,16.788883209228516,6.048249244689941,0.10980965197086334,0.6981215476989746,0.22581173479557037,0.638,4.568959963113003
100000.0,1.6183962154856513,92.72727272727275,11.188931465148926,20.171842575073242,6.2918853759765625,0.09253840148448944,0.7069790363311768,0.19482547044754028,0.638,4.568959963113003
100000.0,1.6818627337399903,96.36363636363636,11.560365676879883,26.097213745117188,6.328216552734375,0.07030060887336731,0.7169496417045593,0.21052727103233337,0.638,4.568959963113003
100000.0,1.7453292519943293,99.99999999999999,10.480732917785645,18.87154769897461,6.219606876373291,0.041113559156656265,0.7244428396224976,0.11525536328554153,0.638,4.568959963113003
100000.0,1.8087957702486692,103.63636363636367,10.588533401489258,19.16974449157715,6.183995246887207,0.04411423206329346,0.7185370922088623,0.10906881093978882,0.638,4.568959963113003
100000.0,1.8722622885030082,107.27272727272728,11.82382869720459,21.439727783203125,6.121281623840332,0.0671701431274414,0.7169857621192932,0.15915004909038544,0.638,4.568959963113003
100000.0,1.9357288067573473,110.9090909090909,11.543190002441406,22.875185012817383,6.149742603302002,0.08916637301445007,0.718677282333374,0.19037269055843353,0.638,4.568959963113003
100000.0,1.9991953250116872,114.54545454545458,11.167746543884277,19.774250030517578,6.044344425201416,0.06657788157463074,0.7220361828804016,0.15790656208992004,0.638,4.568959963113003
100000.0,2.062661843266026,118.1818181818182,10.556374549865723,18.038105010986328,5.903923511505127,0.054056234657764435,0.7305915355682373,0.13819527626037598,0.638,4.568959963113003
100000.0,2.126128361520365,121.81818181818183,10.243257522583008,24.261043548583984,5.7288312911987305,0.053678978234529495,0.7312644124031067,0.16730599105358124,0.638,4.568959963113003
100000.0,2.1895948797747042,125.45454545454545,10.054985046386719,18.259458541870117,5.481098651885986,0.07881375402212143,0.7204221487045288,0.16486476361751556,0.638,4.568959963113003
100000.0,2.253061398029044,129.09090909090912,10.134583473205566,19.956096649169922,5.452524662017822,0.07768610864877701,0.7050926089286804,0.14421643316745758,0.638,4.568959963113003
100000.0,2.316527916283383,132.72727272727275,10.182053565979004,21.83086585998535,5.452059745788574,0.02978947013616562,0.70131915807724,0.0537676177918911,0.638,4.568959963113003
100000.0,2.379994434537722,136.36363636363637,9.840798377990723,21.182735443115234,5.601932525634766,-0.011850202456116676,0.6918429136276245,-0.058346714824438095,0.638,4.568959963113003
100000.0,2.443460952792061,140.0,10.997243881225586,24.166290283203125,5.697688579559326,-0.05781406909227371,0.6885731816291809,-0.1322757601737976,0.638,4.568959963113003
100000.0,2.506927471046401,143.63636363636365,11.035720825195312,23.20313835144043,5.745828628540039,-0.01990976743400097,0.6969783902168274,-0.04417646676301956,0.638,4.568959963113003
100000.0,2.57039398930074,147.27272727272728,11.692937850952148,32.268924713134766,5.654355049133301,-0.010833341628313065,0.7075120806694031,-0.03615197911858559,0.638,4.568959963113003
100000.0,2.633860507555079,150.9090909090909,10.778145790100098,19.652372360229492,5.894306659698486,0.015521709807217121,0.6984463334083557,0.024722538888454437,0.638,4.568959963113003
100000.0,2.697327025809418,154.54545454545453,11.95368480682373,26.908294677734375,5.910342216491699,0.024363668635487556,0.6949447989463806,0.03178860619664192,0.638,4.568959963113003
100000.0,2.760793544063758,158.18181818181822,11.551506042480469,26.01216697692871,5.892812252044678,0.038678962737321854,0.6905777454376221,0.04805362597107887,0.638,4.568959963113003
100000.0,2.824260062318097,161.81818181818184,11.326767921447754,21.1634521484375,6.212480545043945,0.04646278917789459,0.6981183290481567,0.0639466643333435,0.638,4.568959963113003
100000.0,2.887726580572436,165.45454545454547,11.321149826049805,20.26220703125,6.364268779754639,0.07700284570455551,0.694463312625885,0.11824999004602432,0.638,4.568959963113003
100000.0,2.951193098826776,169.09090909090912,12.4230375289917,27.130956649780273,6.723567008972168,0.14803941547870636,0.684380292892456,0.28320974111557007,0.638,4.568959963113003
100000.0,3.014659617081115,172.72727272727275,12.363317489624023,21.01995277404785,7.215909481048584,0.19066564738750458,0.6871344447135925,0.34574416279792786,0.638,4.568959963113003
100000.0,3.078126135335454,176.36363636363637,12.195512771606445,19.283323287963867,7.623815536499023,0.2027006894350052,0.6915601491928101,0.3989211916923523,0.638,4.568959963113003
100000.0,3.141592653589793,180.0,12.827776908874512,23.17731285095215,7.820688247680664,0.20843170583248138,0.6913337707519531,0.396481454372406,0.638,4.568959963113003
1000000.0,-3.141592653589793,-180.0,6.106745719909668,20.23548698425293,3.5356783866882324,-0.26378175616264343,0.7318403720855713,-0.5746572613716125,0.0,-3.3797009380247975
1000000.0,-3.0781261353354537,-176.36363636363635,6.342473983764648,13.202880859375,3.878890037536621,-0.26829952001571655,0.7377785444259644,-0.6076462268829346,0.0,-3.3797009380247975
1000000.0,-3.0146596170811146,-172.72727272727272,6.83735466003418,14.468204498291016,4.176663875579834,-0.24933785200119019,0.7331883907318115,-0.5532617568969727,0.0,-3.3797009380247975
1000000.0,-2.951193098826775,-169.0909090909091,6.7243475914001465,11.128945350646973,4.260814666748047,-0.23731471598148346,0.719803512096405,-0.50422602891922,0.0,-3.3797009380247975
1000000.0,-2.887726580572436,-165.45454545454547,6.800390243530273,8.965007781982422,4.210080146789551,-0.23427553474903107,0.724471926689148,-0.4987766146659851,0.0,-3.3797009380247975
1000000.0,-2.8242600623180967,-161.8181818181818,6.627236366271973,11.587157249450684,4.101055145263672,-0.23508389294147491,0.7195066809654236,-0.4965936541557312,0.0,-3.3797009380247975
1000000.0,-2.7607935440637577,-158.1818181818182,6.517796993255615,13.113595962524414,3.974499464035034,-0.25183066725730896,0.7062221169471741,-0.5221571922302246,0.0,-3.3797009380247975
1000000.0,-2.697327025809418,-154.54545454545453,5.816086769104004,12.908559799194336,3.870253801345825,-0.23527409136295319,0.7097296714782715,-0.5054826736450195,0.0,-3.3797009380247975
1000000.0,-2.633860507555079,-150.9090909090909,5.790157794952393,9.663488388061523,3.9321227073669434,-0.19651435315608978,0.714373767375946,-0.4611195921897888,0.0,-3.3797009380247975
1000000.0,-2.5703939893007397,-147.27272727272725,5.961870193481445,15.831550598144531,4.040414810180664,-0.18384911119937897,0.7105043530464172,-0.4157644510269165,0.0,-3.3797009380247975
1000000.0,-2.5069274710464007,-143.63636363636365,5.994019985198975,10.132370948791504,3.9498682022094727,-0.19095909595489502,0.700366735458374,-0.3797227740287781,0.0,-3.3797009380247975
1000000.0,-2.443460952792061,-140.0,6.270005226135254,10.838440895080566,4.045567512512207,-0.2233755737543106,0.695380687713623,-0.43256494402885437,0.0,-3.3797009380247975
1000000.0,-2.379994434537722,-136.36363636363637,6.565999984741211,15.536020278930664,4.009337425231934,-0.226149320602417,0.7039979100227356,-0.4494755268096924,0.0,-3.3797009380247975
1000000.0,-2.3165279162833827,-132.72727272727272,6.577549934387207,13.818987846374512,4.148294925689697,-0.2448769211769104,0.7027058005332947,-0.49379557371139526,0.0,-3.3797009380247975
1000000.0,-2.2530613980290433,-129.09090909090907,6.447425842285156,12.057849884033203,4.077792167663574,-0.29106637835502625,0.68342524766922,-0.5562148094177246,0.0,-3.3797009380247975
1000000.0,-2.1895948797747042,-125.45454545454545,6.05146598815918,10.08699893951416,3.9405832290649414,-0.35350489616394043,0.6755496859550476,-0.6566790342330933,0.0,-3.3797009380247975
1000000.0,-2.126128361520365,-121.81818181818183,6.166512966156006,8.878580093383789,4.118020057678223,-0.3869451880455017,0.665370762348175,-0.6967071294784546,0.0,-3.3797009380247975
1000000.0,-2.0626618432660258,-118.18181818181817,5.85213041305542,7.84581995010376,4.103170871734619,-0.36985084414482117,0.686321496963501,-0.6786944270133972,0.0,-3.3797009380247975
1000000.0,-1.9991953250116865,-114.54545454545455,5.721805095672607,7.454803466796875,4.008151531219482,-0.3150562644004822,0.7174793481826782,-0.6426435708999634,0.0,-3.3797009380247975
1000000.0,-1.9357288067573473,-110.9090909090909,5.851797103881836,9.401829719543457,3.935603618621826,-0.25232604146003723,0.7209938168525696,-0.5325248837471008,0.0,-3.3797009380247975
1000000.0,-1.872262288503008,-107.27272727272727,5.5444655418396,8.06718921661377,3.9060120582580566,-0.20917105674743652,0.7172477841377258,-0.45010966062545776,0.0,-3.3797009380247975
1000000.0,-1.8087957702486688,-103.63636363636364,5.470218658447266,8.194929122924805,3.8110620975494385,-0.23489990830421448,0.7001097798347473,-0.49034029245376587,0.0,-3.3797009380247975
1000000.0,-1.7453292519943295,-100.0,5.482618808746338,7.911262035369873,3.6055634021759033,-0.29588815569877625,0.6802018880844116,-0.5556593537330627,0.0,-3.3797009380247975
1000000.0,-1.6818627337399903,-96.36363636363636,5.325681209564209,6.248950004577637,3.5958542823791504,-0.31557026505470276,0.686816930770874,-0.5953501462936401,0.0,-3.3797009380247975
1000000.0,-1.6183962154856508,-92.72727272727272,5.41146993637085,6.207418918609619,3.9030003547668457,-0.3163171410560608,0.6990534663200378,-0.6201624870300293,0.0,-3.3797009380247975
1000000.0,-1.5549296972313116,-89.09090909090908,5.486172199249268,6.112922668457031,4.098451614379883,-0.3304459750652313,0.6983053088188171,-0.6511640548706055,0.0,-3.3797009380247975
1000000.0,-1.4914631789769723,-85.45454545454544,5.6747612953186035,7.395542144775391,3.9561586380004883,-0.31527194380760193,0.687751829624176,-0.5861006379127502,0.0,-3.3797009380247975
1000000.0,-1.427996660722633,-81.81818181818181,5.910134792327881,9.477035522460938,3.8200478553771973,-0.304638147354126,0.692600667476654,-0.5717482566833496,0.0,-3.3797009380247975
1000000.0,-1.3645301424682938,-78.18181818181817,6.113720417022705,11.908514022827148,3.7767951488494873,-0.328141987323761,0.6842473745346069,-0.5936526656150818,0.0,-3.3797009380247975
1000000.0,-1.3010636242139546,-74.54545454545453,5.860156059265137,8.580764770507812,3.883439779281616,-0.3401294946670532,0.6798361539840698,-0.617895781993866,0.0,-3.3797009380247975
1000000.0,-1.2375971059596154,-70.9090909090909,5.726050853729248,7.3540358543396,3.7781755924224854,-0.3568556606769562,0.6785493493080139,-0.6690735220909119,0.0,-3.3797009380247975
1000000.0,-1.1741305877052761,-67.27272727272727,5.472391605377197,6.803137302398682,3.603043556213379,-0.37396129965782166,0.6821701526641846,-0.6969748735427856,0.0,-3.3797009380247975
1000000.0,-1.1106640694509369,-63.63636363636363,5.252354145050049,6.791445732116699,3.4466726779937744,-0.3632828891277313,0.6835491061210632,-0.6798664331436157,0.0,-3.3797009380247975
1000000.0,-1.0471975511965974,-59.999999999999986,5.519490718841553,9.186601638793945,3.478752613067627,-0.3198026120662689,0.6844954490661621,-0.6080842614173889,0.0,-3.3797009380247975
1000000.0,-0.9837310329422584,-56.36363636363636,6.819061279296875,25.30858612060547,3.758958339691162,-0.2827485203742981,0.6861286759376526,-0.5210816264152527,0.0,-3.3797009380247975
1000000.0,-0.9202645146879189,-52.72727272727271,9.46023941040039,52.98225021362305,3.8377420902252197,-0.2385997772216797,0.697086751461029,-0.4582303762435913,0.0,-3.3797009380247975
1000000.0,-0.8567979964335799,-49.090909090909086,10.815208435058594,57.53799057006836,4.260986328125,-0.22358675301074982,0.6940377950668335,-0.41708630323410034,0.0,-3.3797009380247975
1000000.0,-0.7933314781792404,-45.45454545454544,10.0261812210083,43.74020004272461,4.448037624359131,-0.23575390875339508,0.6924357414245605,-0.4531393051147461,0.0,-3.3797009380247975
1000000.0,-0.7298649599249014,-41.81818181818182,8.896949768066406,26.62075424194336,4.4876251220703125,-0.2686712145805359,0.6814547181129456,-0.5014587640762329,0.0,-3.3797009380247975
1000000.0,-0.666398441670562,-38.181818181818166,7.068673133850098,13.907990455627441,4.168291091918945,-0.2713122069835663,0.6673319935798645,-0.4814265966415405,0.0,-3.3797009380247975
1000000.0,-0.6029319234162229,-34.54545454545455,6.123500823974609,11.753844261169434,3.845614194869995,-0.2675069570541382,0.6516858339309692,-0.4597237706184387,0.0,-3.3797009380247975
1000000.0,-0.5394654051618835,-30.909090909090896,5.194211483001709,8.647954940795898,3.2781639099121094,-0.18582439422607422,0.6474785208702087,-0.3028295636177063,0.0,-3.3797009380247975
1000000.0,-0.47599888690754444,-27.272727272727273,4.6980085372924805,7.689829349517822,2.836728572845459,-0.11708245426416397,0.6661224365234375,-0.2353719025850296,0.0,-3.3797009380247975
1000000.0,-0.412532368653205,-23.636363636363626,4.73300838470459,15.81673812866211,2.7803285121917725,-0.0838826522231102,0.6885460615158081,-0.19097712635993958,0.0,-3.3797009380247975
1000000.0,-0.34906585039886595,-20.000000000000004,4.793421268463135,11.685402870178223,2.944352865219116,-0.04531526193022728,0.6995291709899902,-0.07568180561065674,0.0,-3.3797009380247975
1000000.0,-0.2855993321445265,-16.363636363636353,5.261516571044922,13.069727897644043,3.2678492069244385,-0.04451557248830795,0.6970679759979248,-0.07330309599637985,0.0,-3.3797009380247975
1000000.0,-0.22213281389018746,-12.727272727272732,5.23835563659668,8.36656665802002,3.4105048179626465,-0.05159301683306694,0.7023997902870178,-0.1003694012761116,0.0,-3.3797009380247975
1000000.0,-0.158666295635848,-9.090909090909083,5.184205532073975,7.055964946746826,3.5263748168945312,-0.09367109090089798,0.7185168862342834,-0.14517340064048767,0.0,-3.3797009380247975
1000000.0,-0.09519977738150853,-5.454545454545435,5.501200199127197,9.380642890930176,3.643632411956787,-0.14666256308555603,0.7239702939987183,-0.2756374478340149,0.0,-3.3797009380247975
1000000.0,-0.03173325912716951,-1.8181818181818115,5.736181735992432,27.821699142456055,3.6035139560699463,-0.17783597111701965,0.7294499278068542,-0.3741001486778259,0.0,-3.3797009380247975
1000000.0,0.031733259127169955,1.818181818181837,5.3111958503723145,7.049028396606445,3.535431385040283,-0.22950966656208038,0.7240537405014038,-0.49196261167526245,0.0,-3.3797009380247975
1000000.0,0.09519977738150898,5.45454545454546,5.652587413787842,8.941106796264648,3.543367385864258,-0.2297949194908142,0.7033287286758423,-0.47990545630455017,0.0,-3.3797009380247975
1000000.0,0.15866629563584844,9.090909090909108,5.797662734985352,15.371806144714355,3.6160426139831543,-0.2290007472038269,0.6875278949737549,-0.43297943472862244,0.0,-3.3797009380247975
1000000.0,0.22213281389018746,12.727272727272732,5.835545539855957,11.704471588134766,3.6297457218170166,-0.24243545532226562,0.6811819076538086,-0.4757663309574127,0.0,-3.3797009380247975
1000000.0,0.28559933214452693,16.36363636363638,6.360284328460693,15.790266990661621,3.542741298675537,-0.29005253314971924,0.6697465777397156,-0.5296937227249146,0.0,-3.3797009380247975
1000000.0,0.34906585039886595,20.000000000000004,5.926814079284668,12.741374969482422,3.6403889656066895,-0.3411622941493988,0.6619144678115845,-0.5975258350372314,0.0,-3.3797009380247975
1000000.0,0.4125323686532054,23.63636363636365,6.303360462188721,46.049224853515625,3.6545510292053223,-0.4053678512573242,0.6366406679153442,-0.6678556203842163,0.0,-3.3797009380247975
1000000.0,0.47599888690754444,27.272727272727273,5.705678939819336,11.961926460266113,3.57014799118042,-0.42940622568130493,0.613361656665802,-0.6843568086624146,0.0,-3.3797009380247975
1000000.0,0.5394654051618839,30.909090909090924,5.145074844360352,10.973423957824707,3.3286027908325195,-0.4270836114883423,0.6096377968788147,-0.6879748106002808,0.0,-3.3797009380247975
1000000.0,0.6029319234162229,34.54545454545455,4.900547027587891,9.407878875732422,3.1310718059539795,-0.4146724045276642,0.6048333048820496,-0.6672686338424683,0.0,-3.3797009380247975
1000000.0,0.6663984416705624,38.181818181818194,5.0218987464904785,10.89450740814209,3.056044816970825,-0.39748501777648926,0.6192184090614319,-0.6472965478897095,0.0,-3.3797009380247975
1000000.0,0.7298649599249014,41.81818181818182,4.931735515594482,8.186518669128418,3.095853805541992,-0.3714093565940857,0.6333743333816528,-0.6156885623931885,0.0,-3.3797009380247975
1000000.0,0.7933314781792409,45.45454545454547,4.676741600036621,6.939451217651367,2.9477922916412354,-0.32528769969940186,0.657633364200592,-0.5704426765441895,0.0,-3.3797009380247975
1000000.0,0.8567979964335799,49.090909090909086,4.506705284118652,7.798336505889893,2.863428831100464,-0.2709093391895294,0.6954305171966553,-0.5421096086502075,0.0,-3.3797009380247975
1000000.0,0.9202645146879194,52.727272727272734,4.63568115234375,6.430750370025635,2.9452261924743652,-0.21626536548137665,0.7323779463768005,-0.5053523778915405,0.0,-3.3797009380247975
1000000.0,0.9837310329422584,56.36363636363636,4.632894992828369,6.19645881652832,3.1264092922210693,-0.2020292580127716,0.7432041764259338,-0.49958550930023193,0.0,-3.3797009380247975
1000000.0,1.0471975511965983,60.000000000000036,4.714003086090088,6.079025745391846,3.2490901947021484,-0.2243463546037674,0.7313025593757629,-0.5088989734649658,0.0,-3.3797009380247975
1000000.0,1.1106640694509373,63.636363636363654,4.8684539794921875,6.345247268676758,3.393770456314087,-0.265838086605072,0.7330960631370544,-0.5790320634841919,0.0,-3.3797009380247975
1000000.0,1.1741305877052763,67.27272727272728,5.039345741271973,7.134316444396973,3.5460727214813232,-0.29113295674324036,0.7366995215415955,-0.6420767307281494,0.0,-3.3797009380247975
1000000.0,1.2375971059596154,70.9090909090909,5.166499137878418,8.818984985351562,3.4989538192749023,-0.3018292188644409,0.7390915155410767,-0.6806997656822205,0.0,-3.3797009380247975
1000000.0,1.3010636242139553,74.54545454545458,4.957937717437744,7.554434299468994,3.3672873973846436,-0.32560527324676514,0.73421311378479,-0.7132795453071594,0.0,-3.3797009380247975
1000000.0,1.3645301424682943,78.1818181818182,4.755298137664795,9.090171813964844,3.29819917678833,-0.3643125295639038,0.7128556966781616,-0.7376774549484253,0.0,-3.3797009380247975
1000000.0,1.4279966607226333,81.81818181818183,4.982214450836182,11.015242576599121,3.3201076984405518,-0.36617714166641235,0.6993309259414673,-0.7334200739860535,0.0,-3.3797009380247975
1000000.0,1.4914631789769723,85.45454545454544,4.834741592407227,11.825003623962402,3.2298481464385986,-0.344272255897522,0.6916472315788269,-0.6822973489761353,0.0,-3.3797009380247975
1000000.0,1.5549296972313122,89.09090909090912,4.94826602935791,8.113503456115723,3.3785758018493652,-0.3261553943157196,0.6840460896492004,-0.613603949546814,0.0,-3.3797009380247975
1000000.0,1.6183962154856513,92.72727272727275,5.307522296905518,8.214641571044922,3.5470356941223145,-0.2973478138446808,0.6872316002845764,-0.565056562423706,0.0,-3.3797009380247975
1000000.0,1.6818627337399903,96.36363636363636,5.551572799682617,9.916032791137695,3.6518049240112305,-0.2835858166217804,0.6909785270690918,-0.5626740455627441,0.0,-3.3797009380247975
1000000.0,1.7453292519943293,99.99999999999999,5.560728549957275,9.271446228027344,3.719677448272705,-0.2735697329044342,0.689525306224823,-0.5499804615974426,0.0,-3.3797009380247975
1000000.0,1.8087957702486692,103.63636363636367,5.500399112701416,10.161031723022461,3.6725244522094727,-0.24824756383895874,0.6976404190063477,-0.4973035156726837,0.0,-3.3797009380247975
1000000.0,1.8722622885030082,107.27272727272728,5.313724040985107,9.6191987991333,3.555776834487915,-0.22300834953784943,0.7050972580909729,-0.4500570595264435,0.0,-3.3797009380247975
1000000.0,1.9357288067573473,110.9090909090909,5.255367279052734,9.22270393371582,3.6333203315734863,-0.21226738393306732,0.7050861716270447,-0.4331896901130676,0.0,-3.3797009380247975
1000000.0,1.9991953250116872,114.54545454545458,5.7651872634887695,7.6746625900268555,3.8921427726745605,-0.21054889261722565,0.7078797817230225,-0.4166671335697174,0.0,-3.3797009380247975
1000000.0,2.062661843266026,118.1818181818182,6.81035852432251,34.459354400634766,4.162379264831543,-0.18130849301815033,0.7127873301506042,-0.36197996139526367,0.0,-3.3797009380247975
1000000.0,2.126128361520365,121.81818181818183,6.900442600250244,27.6415958404541,4.2198686599731445,-0.1609385460615158,0.7055860757827759,-0.3181946277618408,0.0,-3.3797009380247975
1000000.0,2.1895948797747042,125.45454545454545,5.983823776245117,15.012916564941406,3.943016767501831,-0.12741690874099731,0.7130422592163086,-0.2663631737232208,0.0,-3.3797009380247975
1000000.0,2.253061398029044,129.09090909090912,5.883035182952881,14.879226684570312,3.7368032932281494,-0.06223590672016144,0.712166428565979,-0.1068752333521843,0.0,-3.3797009380247975
1000000.0,2.316527916283383,132.72727272727275,5.788556098937988,13.85205078125,3.4959962368011475,-0.007054095156490803,0.7173442244529724,-0.017846830189228058,0.0,-3.3797009380247975
1000000.0,2.379994434537722,136.36363636363637,5.8766279220581055,11.650470733642578,3.427504777908325,-0.009156614542007446,0.7123100161552429,0.015853043645620346,0.0,-3.3797009380247975
1000000.0,2.443460952792061,140.0,5.724056243896484,11.430798530578613,3.281942129135132,-0.04247007519006729,0.7144641280174255,-0.06191527098417282,0.0,-3.3797009380247975
1000000.0,2.506927471046401,143.63636363636365,5.56880521774292,12.272034645080566,3.235130786895752,-0.06291499733924866,0.7127902507781982,-0.13408435881137848,0.0,-3.3797009380247975
1000000.0,2.57039398930074,147.27272727272728,5.116161346435547,9.772706985473633,2.9184436798095703,-0.08208692818880081,0.705998420715332,-0.1745663285255432,0.0,-3.3797009380247975
1000000.0,2.633860507555079,150.9090909090909,4.752840995788574,8.734436988830566,2.685439109802246,-0.09143489599227905,0.6864525079727173,-0.16334418952465057,0.0,-3.3797009380247975
1000000.0,2.697327025809418,154.54545454545453,4.84574031829834,8.840509414672852,2.743490695953369,-0.11736200004816055,0.6786311268806458,-0.21061968803405762,0.0,-3.3797009380247975
1000000.0,2.760793544063758,158.18181818181822,5.408883571624756,14.308406829833984,2.9524669647216797,-0.1204347014427185,0.6938373446464539,-0.2318587750196457,0.0,-3.3797009380247975
1000000.0,2.824260062318097,161.81818181818184,7.060427188873291,31.72307586669922,3.2164738178253174,-0.11814017593860626,0.7141245007514954,-0.20728036761283875,0.0,-3.3797009380247975
1000000.0,2.887726580572436,165.45454545454547,5.716171741485596,17.683046340942383,3.3204190731048584,-0.14988252520561218,0.7264753580093384,-0.29023268818855286,0.0,-3.3797009380247975
1000000.0,2.951193098826776,169.09090909090912,5.25093936920166,11.939619064331055,3.3094024658203125,-0.22337058186531067,0.717668890953064,-0.4613245725631714,0.0,-3.3797009380247975
1000000.0,3.014659617081115,172.72727272727275,5.386592388153076,14.530560493469238,3.1779651641845703,-0.269370973110199,0.7081483602523804,-0.5305511951446533,0.0,-3.3797009380247975
1000000.0,3.078126135335454,176.36363636363637,5.497147083282471,8.861474990844727,3.381676197052002,-0.2826259434223175,0.7083888053894043,-0.5638155937194824,0.0,-3.3797009380247975
1000000.0,3.141592653589793,180.0,6.106745719909668,20.23548698425293,3.5356783866882324,-0.26378175616264343,0.7318403720855713,-0.5746572613716125,0.0,-3.3797009380247975
